Nombre d'enregistrements,Position,Aerialswon,Age,Apps,Assists,Club,Goals,Image,Mins,Motm,Perfattack,Perfdef,Perfposs,player (Sheet1 players!score),player (Sheet1 players!stats),Player,Points,Ps,rank (Sheet1 players!stats),Rank,Rating,Red,Spg,Team,Total,Yel
1,Forward,0.4,25,34(2),10,Liverpool,32,//img.fifa.com/images/flags/4/egy.png,2922,8,1601,-31,-151,Mohamed Salah,Mohamed Salah,Mohamed Salah,636,76.7,1,3,7.69,,4,Egypt,1419,1
1,Midfielder,0.2,27,28(6),4,Chelsea,12,//img.fifa.com/images/flags/4/bel.png,2433,9,1056,64,205,Eden Hazard,Eden Hazard,Eden Hazard,1346,83.6,2,4,7.69,,2.1,Belgium,1375,2
1,Midfielder,0.4,26,36(1),16,Manchester City,8,//img.fifa.com/images/flags/4/bel.png,3085,8,1103,-129,331,Kevin De Bruyne,Kevin De Bruyne,Kevin De Bruyne,1346,83.4,3,2,7.8,,2.5,Belgium,1305,2
1,Forward,1.6,24,35(2),2,Tottenham,30,//img.fifa.com/images/flags/4/eng.png,3083,9,1373,-7,-165,Harry Kane,Harry Kane,Harry Kane,1040,71.2,4,5,7.6,,5,United Kingdom,1200,5
1,Midfielder,0.6,32,28(1),11,Manchester City,9,//img.fifa.com/images/flags/4/esp.png,2437,4,711,-87,511,David Silva,David Silva,David Silva,1162,88.9,5,6,7.58,,1.9,Spain,1136,5
1,Defender,2.3,30,33(1),,Manchester City,4,//img.fifa.com/images/flags/4/arg.png,2968,5,233,222,612,Nicolas Otamendi,Nicolas Otamendi,Nicolas Otamendi,1254,91.9,6,33,7.13,,0.9,Argentina,1068,9
1,Forward,0.4,30,22(3),6,Manchester City,21,//img.fifa.com/images/flags/4/arg.png,1969,4,1081,-40,9,Sergio Aguero,Sergio Aguero,Sergio Aguero,1254,82.8,7,1,7.81,,3.8,Argentina,1050,2
1,Defender,3.3,31,36,,Tottenham,,//img.fifa.com/images/flags/4/bel.png,3205,3,204,499,318,Jan Vertonghen,Jan Vertonghen,Jan Vertonghen,1346,86.3,8,22,7.26,,0.7,Belgium,1022,4
1,Forward,0.2,23,29(4),11,Manchester City,18,//img.fifa.com/images/flags/4/eng.png,2593,4,959,-78,122,Raheem Sterling,Raheem Sterling,Raheem Sterling,1040,84,9,7,7.55,1,2.6,United Kingdom,1003,3
1,Midfielder,0.5,26,37,10,Tottenham,10,//img.fifa.com/images/flags/4/den.png,3226,4,932,-16,50,Christian Eriksen,Christian Eriksen,Christian Eriksen,1054,82.4,10,11,7.4,,2.6,Denmark,965,
1,Midfielder,,29,7,4,Arsenal,1,//img.fifa.com/images/flags/4/ger.png,609,1,493,-57,513,Mesut Ozil,Mesut Ozil,Mesut Ozil,1544,86.4,11,12,7.7,,1,Germany,949,
1,Midfielder,1.4,32,9,4,Chongqing Lifan,2,//img.fifa.com/images/flags/4/bra.png,809,1,413,2,459,Fernandinho,Fernandinho,Fernandinho,1384,75.4,12,12,7.69,,2.6,Brazil,873,
1,Defender,2.2,28,37,6,Chelsea,2,//img.fifa.com/images/flags/4/esp.png,3330,1,203,362,294,Cesar Azpilicueta,Cesar Azpilicueta,Cesar Azpilicueta,1162,86.7,13,29,7.18,,0.4,Spain,871,1
1,Midfielder,1.9,25,25(2),10,Manchester United,6,//img.fifa.com/images/flags/4/fra.png,2151,4,686,7,120,Paul Pogba,Paul Pogba,Paul Pogba,1166,85.3,14,9,7.48,1,2.8,France,824,5
1,Midfielder,,31,6(3),,Palmeiras,6,//img.fifa.com/images/flags/4/bra.png,550,2,576,72,103,Willian,Willian,Willian,1384,80,16,32,7.27,,2.9,Brazil,804,1
1,Goalkeeper,0.3,24,37,,Manchester City,,//img.fifa.com/images/flags/4/bra.png,3197,1,3,459,329,Ederson,Ederson,Ederson,1384,85.3,17,194,6.68,,,Brazil,791,1
1,Midfielder,1.5,25,5(1),,Arsenal,1,//img.fifa.com/images/flags/4/sui.png,495,,431,-9,339,Granit Xhaka,Granit Xhaka,Granit Xhaka,1179,91.2,19,31,7.47,,1.2,Switzerland,761,1
1,Midfielder,0.5,27,34,1,Chelsea,1,//img.fifa.com/images/flags/4/fra.png,2998,1,306,131,270,N'Golo Kante,N'Golo Kante,N'Golo Kante,1166,89.3,23,24,7.25,,0.7,France,712,3
1,Defender,1.6,32,7,,Arsenal,1,//img.fifa.com/images/flags/4/esp.png,613,,302,135,271,Nacho Monreal,Nacho Monreal,Nacho Monreal,1162,87.3,24,218,6.97,,0.9,Spain,708,2
1,Midfielder,1,28,21(1),2,Manchester City,1,//img.fifa.com/images/flags/4/eng.png,1746,1,248,72,318,Fabian Delph,Fabian Delph,Fabian Delph,1040,93,28,31,7.16,,0.5,United Kingdom,637,2
1,Defender,2.5,26,23,,Manchester United,,//img.fifa.com/images/flags/4/eng.png,1975,2,2,428,201,Phil Jones,Phil Jones,Phil Jones,1040,91.2,30,27,7.21,,0.1,United Kingdom,630,2
1,Defender,2.2,28,32,6,Manchester City,,//img.fifa.com/images/flags/4/eng.png,2787,,112,184,329,Kyle Walker,Kyle Walker,Kyle Walker,1040,87.8,32,53,7.05,1,0.4,United Kingdom,625,2
1,Midfielder,1.6,29,35(1),1,Manchester United,1,//img.fifa.com/images/flags/4/srb.png,3119,,234,161,209,Nemanja Matic,Nemanja Matic,Nemanja Matic,732,87.7,33,28,7.2,,0.5,Serbia,614,6
1,Forward,1.2,26,32(5),7,Liverpool,15,//img.fifa.com/images/flags/4/bra.png,2778,3,953,-87,-262,Roberto Firmino,Roberto Firmino,Roberto Firmino,1384,72.6,35,12,7.39,,2.3,Brazil,604,1
1,Defender,3.6,28,24(5),1,Liverpool,2,//img.fifa.com/images/flags/4/cro.png,2125,2,82,255,265,Dejan Lovren,Dejan Lovren,Dejan Lovren,975,88.5,36,68,6.99,,0.5,Croatia,603,4
1,Midfielder,0.9,26,28(1),7,Liverpool,10,//img.fifa.com/images/flags/4/sen.png,2207,1,638,4,-58,Sadio Mane,Sadio Mane,Sadio Mane,825,80.4,37,20,7.27,1,2.4,Senegal,584,3
1,Forward,3.2,25,33(1),7,Manchester United,16,//img.fifa.com/images/flags/4/bel.png,2869,2,768,-104,-148,Romelu Lukaku,Romelu Lukaku,Romelu Lukaku,1346,68.4,38,17,7.29,,2.5,Belgium,572,4
1,Goalkeeper,0.3,31,36,,Tottenham,,//img.fifa.com/images/flags/4/fra.png,3240,1,18,311,234,Hugo Lloris,Hugo Lloris,Hugo Lloris,1166,75.2,40,171,6.74,,,France,563,1
1,Defender,2.1,22,23(4),,Chelsea,,//img.fifa.com/images/flags/4/den.png,2071,,15,266,267,Andreas Christensen,Andreas Christensen,Andreas Christensen,1054,93.4,41,138,6.8,,0.4,Denmark,560,
1,Midfielder,0.1,26,36,7,Stoke,8,//img.fifa.com/images/flags/4/sui.png,3049,2,632,-54,-35,Xherdan Shaqiri,Xherdan Shaqiri,Xherdan Shaqiri,1179,79.5,46,110,6.87,,1.9,Switzerland,543,5
1,Defender,2.4,21,29(2),,Tottenham,,//img.fifa.com/images/flags/4/col.png,2535,,31,270,238,Davinson Sanchez,Davinson Sanchez,Davinson Sanchez,989,89.4,48,78,6.94,1,0.3,Colombia,539,1
1,Midfielder,2.4,24,32(2),2,Tottenham,,//img.fifa.com/images/flags/4/eng.png,2827,,148,119,262,Eric Dier,Eric Dier,Eric Dier,1040,86.3,50,75,6.96,,0.9,United Kingdom,529,4
1,Midfielder,0.1,23,15(20),4,Manchester City,6,//img.fifa.com/images/flags/4/por.png,1520,1,336,14,169,Bernardo Silva,Bernardo Silva,Bernardo Silva,1306,87,51,148,6.79,,0.7,Portugal,519,
1,Midfielder,0.2,25,20(13),5,Manchester United,8,//img.fifa.com/images/flags/4/eng.png,1823,1,437,-16,42,Jesse Lingard,Jesse Lingard,Jesse Lingard,1040,87.8,54,127,6.82,,1.7,United Kingdom,498,2
1,Goalkeeper,0.3,26,34(1),,Burnley,,//img.fifa.com/images/flags/4/eng.png,3114,,0,610,-121,Nick Pope,Nick Pope,Nick Pope,1040,39,55,83,6.93,,,United Kingdom,490,3
1,Midfielder,0.1,27,15(15),1,Manchester City,4,//img.fifa.com/images/flags/4/ger.png,1510,,350,-73,206,Ilkay Gundogan,Ilkay Gundogan,Ilkay Gundogan,1544,91.7,58,180,6.73,,1.2,Germany,483,3
1,Midfielder,0.1,25,23(4),6,West Ham,5,//img.fifa.com/images/flags/4/arg.png,2049,2,393,-59,123,Manuel Lanzini,Manuel Lanzini,Manuel Lanzini,1254,87.6,60,55,7.04,,1.6,Argentina,475,4
1,Defender,3.1,25,38,4,Leicester,2,//img.fifa.com/images/flags/4/eng.png,3420,1,339,169,-37,Harry Maguire,Harry Maguire,Harry Maguire,1040,78.4,62,49,7.08,,0.8,United Kingdom,471,7
1,Midfielder,0.2,22,3(3),1,Arsenal,,//img.fifa.com/images/flags/4/nga.png,335,,388,-27,107,Alex Iwobi,Alex Iwobi,Alex Iwobi,635,87.3,64,317,6.83,,1.3,Nigeria,468,
1,Defender,3.4,32,24(3),,Chelsea,,//img.fifa.com/images/flags/4/eng.png,2084,,53,189,225,Gary Cahill,Gary Cahill,Gary Cahill,1040,89,65,113,6.87,1,0.4,United Kingdom,467,1
1,Defender,,,,,,,//img.fifa.com/images/flags/4/eng.png,,,32,135,300,,John Stones,John Stones,1040,,67,,,,,United Kingdom,466,
1,Midfielder,1.4,27,35(1),1,Crystal Palace,10,//img.fifa.com/images/flags/4/srb.png,3082,1,465,29,-33,Luka Milivojevic,Luka Milivojevic,Luka Milivojevic,732,80.2,68,64,7.01,,1.2,Serbia,461,8
1,Defender,,,,,,,//img.fifa.com/images/flags/4/bel.png,,,78,75,304,,Vincent Kompany,Vincent Kompany,1346,,69,,,,,Belgium,458,
1,Goalkeeper,0.1,27,37,,Manchester United,,//img.fifa.com/images/flags/4/esp.png,3330,2,3,439,-1,David De Gea,David De Gea,David de Gea,1162,57.5,71,124,6.83,,,Spain,454,
1,Goalkeeper,0.1,26,35,,Chelsea,,//img.fifa.com/images/flags/4/bel.png,3150,,0,260,189,Thibaut Courtois,Thibaut Courtois,Thibaut Courtois,1346,70.4,73,211,6.63,,,Belgium,452,2
1,Midfielder,0.6,32,28(2),4,Manchester United,2,//img.fifa.com/images/flags/4/eng.png,2448,4,260,205,8,Ashley Young,Ashley Young,Ashley Young,1040,79.5,76,38,7.12,,0.6,United Kingdom,438,7
1,Midfielder,0.3,30,21(7),,Tottenham,,//img.fifa.com/images/flags/4/bel.png,1886,,251,-39,224,Mousa Dembele,Mousa Dembele,Mousa Dembele,1346,92.2,78,94,6.9,,0.4,Belgium,436,6
1,Defender,2.2,25,25(2),1,Chelsea,2,//img.fifa.com/images/flags/4/ger.png,2336,1,146,137,158,Antonio Rudiger,Antonio Rudiger,Antonio Rudiger,1544,89.5,81,87,6.92,,0.6,Germany,429,4
1,Forward,0.7,21,19(10),3,Manchester City,13,//img.fifa.com/images/flags/4/bra.png,1673,1,612,-125,-64,Gabriel Jesus,Gabriel Jesus,Gabriel Jesus,1384,79.7,83,54,7.05,,1.9,Brazil,423,6
1,Midfielder,0.9,27,34(2),3,Huddersfield,4,//img.fifa.com/images/flags/4/aus.png,3071,,355,176,-119,Aaron Mooy,Aaron Mooy,Aaron Mooy,700,79.5,87,114,6.86,,0.8,Australia,411,5
1,Defender,1.3,22,6,,Braga,,//img.fifa.com/images/flags/4/bra.png,509,,187,49,164,Danilo,Danilo,Danilo,1384,76.8,89,138,7.11,,1,Brazil,400,1
1,Defender,2.8,29,23(1),,Southampton,2,//img.fifa.com/images/flags/4/jap.png,2051,,133,197,61,Maya Yoshida,Maya Yoshida,Maya Yoshida,528,84.2,90,115,6.86,1,0.8,Japan,391,2
1,Forward,2.1,31,37,1,Leicester,20,//img.fifa.com/images/flags/4/eng.png,3258,,589,18,-221,Jamie Vardy,Jamie Vardy,Jamie Vardy,1040,60.5,93,71,6.98,,1.9,United Kingdom,387,3
1,Midfielder,0.8,22,34(2),10,Tottenham,9,//img.fifa.com/images/flags/4/eng.png,2972,1,509,90,-231,Dele Alli,Dele Alli,Dele Alli,1040,77.2,97,44,7.09,,1.9,United Kingdom,368,7
1,Forward,0.5,20,17(18),5,Manchester United,7,//img.fifa.com/images/flags/4/eng.png,1810,1,492,-30,-107,Marcus Rashford,Marcus Rashford,Marcus Rashford,1040,78.3,99,164,6.76,,1.7,United Kingdom,355,3
1,Midfielder,1.3,22,21(3),3,Crystal Palace,2,//img.fifa.com/images/flags/4/eng.png,1875,1,273,153,-106,Ruben Loftus-Cheek,Ruben Loftus-Cheek,Ruben Loftus-Cheek,1040,82.4,105,47,7.08,,1.3,United Kingdom,320,1
1,Defender,2.7,27,38,,West Bromwich Albion,2,//img.fifa.com/images/flags/4/egy.png,3387,3,115,354,-152,Ahmed Hegazi,Ahmed Hegazi,Ahmed Hegazi,636,73.2,106,70,6.98,,0.4,Egypt,318,4
1,Midfielder,1,27,25(2),1,Liverpool,1,//img.fifa.com/images/flags/4/eng.png,2173,,103,-9,203,Jordan Henderson,Jordan Henderson,Jordan Henderson,1040,84.4,111,77,6.95,,0.6,United Kingdom,298,1
1,Forward,2.3,31,6,,Arsenal,3,//img.fifa.com/images/flags/4/fra.png,540,,249,-11,20,Olivier Giroud,Olivier Giroud,Olivier Giroud,1166,64.7,121,93,7.21,,4.2,France,269,
1,Forward,1.6,27,9(1),,Arsenal,3,//img.fifa.com/images/flags/4/eng.png,762,1,251,68,-53,Danny Welbeck,Danny Welbeck,Danny Welbeck,1040,84.8,123,39,7.42,,2.1,United Kingdom,266,
1,Forward,0.5,25,23(9),3,Brighton,5,//img.fifa.com/images/flags/4/col.png,1989,,364,34,-143,Jose Izquierdo,Jose Izquierdo,Jose Izquierdo,989,78.4,126,212,6.62,,1.6,Colombia,254,2
1,Midfielder,1,28,3(1),2,Everton,,//img.fifa.com/images/flags/4/isl.png,303,,366,16,-147,Gylfi Sigurdsson,Gylfi Sigurdsson,Gylfi Sigurdsson,930,80,130,385,6.72,,1.5,Iceland,236,1
1,Defender,1.5,27,21(3),5,Tottenham,,//img.fifa.com/images/flags/4/eng.png,1914,,84,71,74,Kieran Trippier,Kieran Trippier,Kieran Trippier,1040,81.4,136,57,7.04,,0.3,United Kingdom,230,1
1,Midfielder,1,27,25(3),3,Chelsea,3,//img.fifa.com/images/flags/4/nga.png,2119,1,216,118,-112,Victor Moses,Victor Moses,Victor Moses,635,76.6,139,93,6.9,,1.3,Nigeria,227,3
1,Midfielder,0.3,25,9(3),2,Arsenal,1,//img.fifa.com/images/flags/4/egy.png,838,1,56,-25,188,Mohamed Elneny,Mohamed Elneny,Mohamed Elneny,636,93.5,142,195,7.01,,0.8,Egypt,220,
1,Defender,,,,,,,//img.fifa.com/images/flags/4/swe.png,,,2,69,95,,Victor Lindelof,Victor Lindelof,889,,158,,,,,Sweden,193,
1,Midfielder,0.2,29,34(2),3,Southampton,6,//img.fifa.com/images/flags/4/srb.png,2813,2,404,22,-233,Dusan Tadic,Dusan Tadic,Dusan Tadic,732,74.8,159,150,6.78,,1.1,Serbia,193,4
1,Midfielder,,,,,,,//img.fifa.com/images/flags/4/bel.png,,,117,56,7,,Marouane Fellaini,Marouane Fellaini,1346,,164,,,,,Belgium,180,
1,Goalkeeper,0.4,33,38,,Swansea,,//img.fifa.com/images/flags/4/pol.png,3420,3,0,186,-20,Lukasz Fabianski,Lukasz Fabianski,Lukasz Fabianski,1128,53.4,180,97,6.89,,,Poland,157,
1,Midfielder,1,28,20(7),2,West Bromwich Albion,,//img.fifa.com/images/flags/4/pol.png,1643,,84,93,-22,Grzegorz Krychowiak,Grzegorz Krychowiak,Grzegorz Krychowiak,1128,78.4,181,213,6.62,,0.6,Poland,155,2
1,Defender,,,,,,,//img.fifa.com/images/flags/4/bel.png,,,14,60,80,,Toby Alderweireld,Toby Alderweireld,1346,,184,,,,,Belgium,153,
1,Midfielder,4.1,30,30(5),2,Stoke,6,//img.fifa.com/images/flags/4/sen.png,2602,2,290,141,-283,Mame Biram Diouf,Mame Biram Diouf,Mame Biram Diouf,825,57.3,188,162,6.76,,1.7,Senegal,148,6
1,Defender,2.1,34,7,,Dalian Yifang,,//img.fifa.com/images/flags/4/por.png,621,,36,58,21,Jose Fonte,Jose Fonte,Jose Fonte,1306,81.4,206,133,6.58,,0.9,Portugal,115,
1,Goalkeeper,0.1,29,10,,Arsenal,,//img.fifa.com/images/flags/4/col.png,900,1,0,66,21,David Ospina,David Ospina,David Ospina,989,74,230,240,6.94,,,Colombia,87,
1,Forward,1.1,32,17(10),2,Leicester,6,//img.fifa.com/images/flags/4/jap.png,1330,1,301,-55,-182,Shinji Okazaki,Shinji Okazaki,Shinji Okazaki,528,73.3,255,230,6.58,,1,Japan,63,2
1,Midfielder,,,,,,,//img.fifa.com/images/flags/4/por.png,,,88,29,-59,,Joao Mario,Joao Mario,1306,,260,,,,,Portugal,59,
1,Midfielder,0.5,21,12(12),,Stoke,2,//img.fifa.com/images/flags/4/egy.png,1234,,121,-28,-35,Ramadan Sobhi,Ramadan Sobhi,Ramadan Sobhi,636,77,262,267,6.46,,0.5,Egypt,57,2
1,Forward,4.1,23,18(2),1,Fulham,12,//img.fifa.com/images/flags/4/srb.png,1653,6,51,5,-1,Aleksandar Mitrovic,Aleksandar Mitrovic,Aleksandar Mitrovic,732,77.1,263,4,7.52,,4.1,Serbia,55,3
1,Defender,,,,,,,//img.fifa.com/images/flags/4/fra.png,,,28,17,6,,Benjamin Mendy,Benjamin Mendy,1166,,266,,,,,France,52,
1,Forward,1.3,24,4,,Borussia Dortmund,2,//img.fifa.com/images/flags/4/bel.png,331,,112,10,-72,Michy Batshuayi,Michy Batshuayi,Michy Batshuayi,1346,73.8,267,249,6.93,,2.8,Belgium,50,1
1,Goalkeeper,0.2,30,19,,Liverpool,,//img.fifa.com/images/flags/4/bel.png,1710,,3,-89,114,Simon Mignolet,Simon Mignolet,Simon Mignolet,1346,69.5,298,261,6.49,,,Belgium,29,3
1,Defender,,,,,,,//img.fifa.com/images/flags/4/pol.png,,,36,8,-21,,Jan Bednarek,Jan Bednarek,1128,,312,,,,,Poland,23,
1,Defender,,,,,,,//img.fifa.com/images/flags/4/arg.png,,,45,-58,33,,Marcos Rojo,Marcos Rojo,1254,,318,,,,,Argentina,19,
1,Goalkeeper,,,,,,,//img.fifa.com/images/flags/4/arg.png,,,0,11,4,,Willy Caballero,Willy Caballero,1254,,326,,,,,Argentina,15,
1,Midfielder,3.5,21,33,3,Leicester,,//img.fifa.com/images/flags/4/nga.png,2899,2,278,-26,-240,Wilfred Ndidi,Wilfred Ndidi,Wilfred Ndidi,635,76.1,328,32,7.14,2,1.2,Nigeria,12,6
1,Forward,0.3,21,7(14),3,Leicester,3,//img.fifa.com/images/flags/4/nga.png,827,,159,-91,-59,Kelechi Iheanacho,Kelechi Iheanacho,Kelechi Iheanacho,635,79.3,335,263,6.48,,1.4,Nigeria,9,2
1,Midfielder,,,,,,,//img.fifa.com/images/flags/4/srb.png,,,0,7,-3,,Marko Grujic,Marko Grujic,732,,347,,,,,Serbia,4,
1,Midfielder,,,,,,,//img.fifa.com/images/flags/4/bel.png,,,46,-29,-13,,Nacer Chadli,Nacer Chadli,1346,,349,,,,,Belgium,4,
1,Midfielder,3.7,28,32(1),3,West Ham,2,//img.fifa.com/images/flags/4/sen.png,2803,2,150,55,-160,Cheikhou Kouyate,Cheikhou Kouyate,Cheikhou Kouyate,825,76,371,136,6.8,,0.7,Senegal,-2,5
1,Defender,,,,,,,//img.fifa.com/images/flags/4/eng.png,,,9,4,-33,,Danny Rose,Danny Rose,1040,,404,,,,,United Kingdom,-21,
1,Midfielder,0.5,26,16(12),2,Watford,1,//img.fifa.com/images/flags/4/per.png,1537,1,225,-22,-234,Andre Carrillo,Andre Carrillo,Andre Carrillo,1106,76.6,422,214,6.62,,0.9,Peru,-31,2
1,Defender,1,26,32,3,Southampton,,//img.fifa.com/images/flags/4/por.png,2797,,79,70,-189,Cedric Soares,Cedric Soares,Cedric Soares,1306,73.3,434,233,6.57,,0.7,Portugal,-40,3
1,Forward,0.4,31,17(13),4,Leganes,2,//img.fifa.com/images/flags/4/mar.png,1624,,-3,-6,-34,Nordin Amrabat,Nordin Amrabat,Nordin Amrabat,681,69.3,437,278,6.36,1,1.2,Morocco,-44,5
1,Midfielder,,,,,,,//img.fifa.com/images/flags/4/por.png,,,41,-66,-23,,Adrien Silva,Adrien Silva,1306,,442,,,,,Portugal,-49,
1,Forward,,,,,,,//img.fifa.com/images/flags/4/sen.png,,,46,-15,-97,,Diafra Sakho,Diafra Sakho,825,,458,,,,,Senegal,-66,
1,Goalkeeper,0.2,25,35,,Stoke,,//img.fifa.com/images/flags/4/eng.png,3150,2,-34,124,-158,Jack Butland,Jack Butland,Jack Butland,1040,46.1,460,158,6.76,,,United Kingdom,-68,
1,Goalkeeper,0.4,31,33,,Leicester,,//img.fifa.com/images/flags/4/den.png,2966,3,-23,57,-108,Kasper Schmeichel,Kasper Schmeichel,Kasper Schmeichel,1054,49.6,463,220,6.61,,,Denmark,-74,3
1,Goalkeeper,0.3,26,38,,Brighton,,//img.fifa.com/images/flags/4/aus.png,3420,1,0,65,-147,Mat Ryan,Mat Ryan,Mat Ryan,700,48,470,177,6.74,,,Australia,-83,
1,Goalkeeper,0.5,24,38,,Everton,,//img.fifa.com/images/flags/4/eng.png,3420,,-2,17,-109,Jordan Pickford,Jordan Pickford,Jordan Pickford,1040,44.5,477,210,6.63,,,United Kingdom,-94,
1,Goalkeeper,0.4,29,38,1,Huddersfield,,//img.fifa.com/images/flags/4/den.png,3420,1,-6,-152,1,Jonas Lossl,Jonas Lossl,Jonas Lossl,1054,56.4,490,238,6.57,,,Denmark,-157,1
1,Defender,1.3,30,36,1,Swansea,,//img.fifa.com/images/flags/4/swe.png,3154,,46,-97,-275,Martin Olsson,Martin Olsson,Martin Olsson,889,73.5,500,281,6.32,,0.5,Sweden,-343,7
1,Forward,0.2,26,20,13,Paris Saint Germain,19,//img.fifa.com/images/flags/4/bra.png,1788,12,1541,-21,149,Neymar,Neymar,Neymar,1384,79.6,1,1,8.95,1,4.5,Brazil,1669,4
1,Forward,0.3,31,30(2),6,Paris Saint Germain,28,//img.fifa.com/images/flags/4/uru.png,2589,2,1136,1,69,Edinson Cavani,Edinson Cavani,Edinson Cavani,976,80.2,2,4,7.69,,3.3,Uruguay,1206,3
1,Midfielder,0.6,25,9(3),2,Marseille,3,//img.fifa.com/images/flags/4/fra.png,761,,1333,-22,-230,Florian Thauvin,Florian Thauvin,Florian Thauvin,1166,74.7,3,183,7.01,,1.7,France,1080,2
1,Forward,0.3,24,8,1,Lyon,3,//img.fifa.com/images/flags/4/fra.png,660,3,1092,-49,-50,Nabil Fekir,Nabil Fekir,Nabil Fekir,1166,85.9,5,8,7.73,,2.5,France,993,2
1,Midfielder,,30,26(4),6,Paris Saint Germain,11,//img.fifa.com/images/flags/4/arg.png,2122,3,883,-99,118,Angel Di Maria,Angel Di Maria,Angel Di Maria,1254,79.4,6,13,7.37,,3.2,Argentina,902,1
1,Defender,1.9,33,24(1),,Paris Saint Germain,1,//img.fifa.com/images/flags/4/bra.png,2117,,63,316,494,Thiago Silva,Thiago Silva,Thiago Silva,1384,96.1,7,55,7.08,,0.4,Brazil,873,5
1,Goalkeeper,0.2,25,34,,Paris Saint Germain,,//img.fifa.com/images/flags/4/fra.png,3060,2,0,497,325,Alphonse Areola,Alphonse Areola,Alphonse Areola,1166,91.1,9,106,6.88,,,France,821,
1,Defender,3.9,31,10,,Lyon,1,//img.fifa.com/images/flags/4/bra.png,900,,167,310,334,Marcelo,Marcelo,Marcelo,1384,85,10,110,7.19,,0.2,Brazil,811,2
1,Forward,0.3,19,24(3),8,Paris Saint Germain,13,//img.fifa.com/images/flags/4/fra.png,2097,7,819,18,-40,Kylian Mbappe,Kylian Mbappe,Kylian Mbappe,1166,83.1,11,5,7.54,,2.9,France,797,2
1,Midfielder,0.3,24,19(11),5,Paris Saint Germain,4,//img.fifa.com/images/flags/4/ger.png,1706,,422,15,259,Julian Draxler,Julian Draxler,Julian Draxler,1544,92.8,19,61,7.04,,0.8,Germany,696,1
1,Defender,0.4,28,3(2),1,America MG,1,//img.fifa.com/images/flags/4/bra.png,256,,78,246,361,Marquinhos,Marquinhos,Marquinhos,1384,71.2,21,126,6.88,,1.2,Brazil,685,
1,Defender,1.1,22,27(1),,Paris Saint Germain,,//img.fifa.com/images/flags/4/fra.png,2425,,87,220,331,Presnel Kimpembe,Presnel Kimpembe,Presnel Kimpembe,1166,95.3,24,120,6.84,2,0.4,France,638,6
1,Defender,2.7,30,36,3,Monaco,3,//img.fifa.com/images/flags/4/pol.png,3240,1,217,319,64,Kamil Glik,Kamil Glik,Kamil Glik,1128,81.1,27,42,7.12,,0.7,Poland,600,8
1,Goalkeeper,0.1,27,10,,Lyon,,//img.fifa.com/images/flags/4/por.png,900,,0,367,226,Anthony Lopes,Anthony Lopes,Anthony Lopes,1306,65.5,29,325,6.81,,,Portugal,593,
1,Defender,3.1,32,13(1),,Marseille,1,//img.fifa.com/images/flags/4/fra.png,1262,,111,210,251,Adil Rami,Adil Rami,Adil Rami,1166,83,31,197,7,,0.4,France,571,3
1,Midfielder,1,23,35,1,Montpellier,4,//img.fifa.com/images/flags/4/tun.png,3052,2,321,68,131,Ellyes Skhiri,Ellyes Skhiri,Ellyes Skhiri,1012,86.2,43,37,7.13,,1.1,Tunisia,521,8
1,Midfielder,0.5,25,26(5),6,Dijon,7,//img.fifa.com/images/flags/4/tun.png,2297,3,593,67,-176,Naim Sliti,Naim Sliti,Naim Sliti,1012,73.1,46,16,7.31,,1.9,Tunisia,484,2
1,Defender,1.6,25,25(2),7,Monaco,2,//img.fifa.com/images/flags/4/fra.png,2157,4,258,30,132,Djibril Sidibe,Djibril Sidibe,Djibril Sidibe,1166,85.3,54,33,7.14,,0.7,France,421,4
1,Midfielder,0.8,31,31(2),6,Monaco,1,//img.fifa.com/images/flags/4/por.png,2801,2,246,-60,226,Joao Moutinho,Joao Moutinho,Joao Moutinho,1306,86.3,56,48,7.11,,0.7,Portugal,412,6
1,Defender,1,26,16(8),4,Paris Saint Germain,4,//img.fifa.com/images/flags/4/bel.png,1573,,255,55,97,Thomas Meunier,Thomas Meunier,Thomas Meunier,1346,84.8,57,54,7.09,,0.5,Belgium,407,3
1,Defender,1.2,25,35,5,Bordeaux,,//img.fifa.com/images/flags/4/sen.png,3094,2,203,207,-36,Youssouf Sabaly,Youssouf Sabaly,Youssouf Sabaly,825,82.3,64,45,7.11,,0.3,Senegal,375,3
1,Midfielder,0.2,22,27(3),8,Monaco,2,//img.fifa.com/images/flags/4/fra.png,2383,1,338,-21,15,Thomas Lemar,Thomas Lemar,Thomas Lemar,1166,84.8,79,51,7.1,,1.6,France,332,1
1,Defender,2,28,8(2),1,Marseille,1,//img.fifa.com/images/flags/4/jap.png,765,,72,213,20,Hiroki Sakai,Hiroki Sakai,Hiroki Sakai,528,79.4,90,77,7.26,,0.4,Japan,305,1
1,Goalkeeper,,33,7,,Marseille,,//img.fifa.com/images/flags/4/fra.png,630,,0,226,75,Steve Mandanda,Steve Mandanda,Steve Mandanda,1166,60.3,94,708,6.26,,,France,301,
1,Goalkeeper,0.4,28,38,,Guingamp,,//img.fifa.com/images/flags/4/swe.png,3420,1,3,128,70,Karl-Johan Johnsson,Karl-Johan Johnsson,Karl-Johan Johnsson,889,58.6,140,198,6.68,,,Sweden,202,
1,Midfielder,0.5,20,22(2),3,Rennes,5,//img.fifa.com/images/flags/4/sen.png,1866,,430,38,-275,Ismaila Sarr,Ismaila Sarr,Ismaila Sarr,825,79.7,147,92,6.92,,1.7,Senegal,193,2
1,Midfielder,0.7,27,23(1),2,Rennes,9,//img.fifa.com/images/flags/4/tun.png,1927,3,551,-205,-157,Wahbi Khazri,Wahbi Khazri,Wahbi Khazri,1012,77.6,150,68,7,1,2.7,Tunisia,189,7
1,Goalkeeper,,,,,,,//img.fifa.com/images/flags/4/ger.png,,,0,129,32,,Kevin Trapp,Kevin Trapp,1544,,164,,,,,Germany,162,
1,Midfielder,0.5,29,12(8),3,Toulouse,3,//img.fifa.com/images/flags/4/swe.png,1032,1,168,-6,-22,Jimmy Durmaz,Jimmy Durmaz,Jimmy Durmaz,889,72.9,178,216,6.61,,0.7,Sweden,140,5
1,Defender,1.4,21,16(6),1,Nantes,1,//img.fifa.com/images/flags/4/nga.png,1510,1,67,160,-104,Chidozie Awaziem,Chidozie Awaziem,Chidozie Awaziem,635,76.5,193,188,6.7,1,0.6,Nigeria,123,2
1,Midfielder,,20,1(3),1,Nice,,//img.fifa.com/images/flags/4/tun.png,97,,133,-8,-18,Bassem Srarfi,Bassem Srarfi,Bassem Srarfi,1012,88.1,205,507,6.59,,0.5,Tunisia,106,1
1,Goalkeeper,0.3,33,34,,Monaco,,//img.fifa.com/images/flags/4/cro.png,2941,,0,-22,103,Danijel Subasic,Danijel Subasic,Danijel Subasic,975,63.7,231,233,6.57,,,Croatia,82,3
1,Midfielder,1,21,18(9),1,Monaco,,//img.fifa.com/images/flags/4/bel.png,1567,,79,-1,0,Youri Tielemans,Youri Tielemans,Youri Tielemans,1346,81.8,234,123,6.84,,0.9,Belgium,78,1
1,Midfielder,1,31,27(5),1,Juventus,3,//img.fifa.com/images/flags/4/fra.png,2355,,0,9,-2,Blaise Matuidi,Blaise Matuidi,Blaise Matuidi,1166,91.6,324,129,6.8,,0.8,France,7,3
1,Forward,1.9,31,8(15),,Toulouse,,//img.fifa.com/images/flags/4/swe.png,796,,46,-51,11,Ola Toivonen,Ola Toivonen,Ola Toivonen,889,71.5,327,293,6.27,,0.8,Sweden,6,2
1,Midfielder,0.3,21,27(6),9,Valencia,5,//img.fifa.com/images/flags/4/por.png,2444,3,1,0,1,Goncalo Guedes,Goncalo Guedes,Goncalo Guedes,1306,79.3,340,27,7.16,,1.8,Portugal,2,2
1,Goalkeeper,,,,,,,//img.fifa.com/images/flags/4/sen.png,,,0,-44,10,,Abdoulaye Diallo,Abdoulaye Diallo,825,,426,,,,,Senegal,-33,
1,Defender,,,,,,,//img.fifa.com/images/flags/4/sen.png,,,23,-36,-29,,Saliou Ciss,Saliou Ciss,825,,439,,,,,Senegal,-41,
1,Midfielder,2.7,24,37,1,Bordeaux,3,//img.fifa.com/images/flags/4/den.png,3286,,68,-4,-118,Lukas Lerager,Lukas Lerager,Lukas Lerager,1054,77.1,455,87,6.94,,1.1,Denmark,-54,8
1,Forward,2.3,25,28(5),1,Amiens,13,//img.fifa.com/images/flags/4/sen.png,2482,2,357,-163,-267,Moussa Konate,Moussa Konate,Moussa Konate,825,67.7,472,209,6.64,,2.1,Senegal,-72,8
1,Forward,,,,,,,//img.fifa.com/images/flags/4/den.png,,,68,-64,-92,,Martin Braithwaite,Martin Braithwaite,1054,,483,,,,,Denmark,-88,
1,Defender,,,,,,,//img.fifa.com/images/flags/4/mar.png,,,-3,-75,-37,,Hamza Mendyl,Hamza Mendyl,681,,497,,,,,Morocco,-115,
1,Goalkeeper,,35,29,,Metz,,//img.fifa.com/images/flags/4/jap.png,2570,,0,-159,-60,Eiji Kawashima,Eiji Kawashima,Eiji Kawashima,528,49.3,513,217,6.61,1,,Japan,-219,
1,Defender,0.5,26,27(6),1,Dijon,1,//img.fifa.com/images/flags/4/tun.png,2501,,102,-256,-141,Oussama Haddadi,Oussama Haddadi,Oussama Haddadi,1012,78,515,252,6.5,1,0.2,Tunisia,-296,6
1,Defender,,,,,,,//img.fifa.com/images/flags/4/bra.png,,,158,412,-140,,Fagner,Fagner,1384,,51,,,,,Brazil,431,
1,Defender,3,27,7,,Sao Paulo,1,//img.fifa.com/images/flags/4/por.png,586,,119,411,-126,Bruno Alves,Bruno Alves,Bruno Alves,1306,84.1,59,93,6.99,,0.3,Portugal,403,3
1,Forward,,,,,,,//img.fifa.com/images/flags/4/bra.png,,,599,-3,-194,,Fred,Fred,1384,,61,,,,,Brazil,402,
1,Midfielder,,,,,,,//img.fifa.com/images/flags/4/per.png,,,470,-10,-138,,Christian Cueva,Christian Cueva,1106,,88,,,,,Peru,322,
1,Forward,,,,,,,//img.fifa.com/images/flags/4/per.png,,,430,-46,-198,,Paolo Guerrero,Paolo Guerrero,1106,,157,,,,,Peru,186,
1,Goalkeeper,0.4,31,5,,Corinthians,,//img.fifa.com/images/flags/4/bra.png,450,,0,133,40,Cassio,Cassio,Cassio,1384,60.9,162,39,7.22,,,Brazil,173,
1,Midfielder,0.8,29,4(4),1,New York City FC,,//img.fifa.com/images/flags/4/crc.png,419,,276,108,-231,Rodney Wallace,Rodney Wallace,Rodney Wallace,858,78.6,184,263,6.46,,1.1,Costa Rica,153,1
1,Defender,,,,,,,//img.fifa.com/images/flags/4/col.png,,,80,60,-22,,Yerry Mina,Yerry Mina,989,,226,,,,,Colombia,118,
1,Midfielder,0.2,25,37,,Roma,,//img.fifa.com/images/flags/4/bra.png,3330,1,188,-28,-60,Alisson,Alisson,Alisson,1384,78.9,244,62,6.99,,,Brazil,101,1
1,Midfielder,,,,,,,//img.fifa.com/images/flags/4/esp.png,,,0,-14,8,,Rodrigo,Rodrigo,1162,,497,,,,,Spain,-6,
1,Midfielder,1.4,25,6(1),1,Braga,,//img.fifa.com/images/flags/4/bra.png,521,,42,-15,-129,Paulinho,Paulinho,Paulinho,1384,67,657,534,6.56,,1.3,Brazil,-102,2
1,Defender,,,,,,,//img.fifa.com/images/flags/4/mex.png,,,66,378,137,,Hugo Ayala,Hugo Ayala,1008,,4,,,,,Mexico,581,
1,Goalkeeper,,,,,,,//img.fifa.com/images/flags/4/mex.png,,,17,429,132,,Alfredo Talavera,Alfredo Talavera,1008,,5,,,,,Mexico,579,
1,Defender,2.4,24,17(3),,Eintracht Frankfurt,,//img.fifa.com/images/flags/4/mex.png,1608,,41,371,115,Carlos Salcedo,Carlos Salcedo,Carlos Salcedo,1008,80.3,10,184,6.68,,0.3,Mexico,526,5
1,Midfielder,,,,,,,//img.fifa.com/images/flags/4/mex.png,,,456,53,7,,Marco Fabian,Marco Fabian,1008,,13,,,,,Mexico,516,
1,Goalkeeper,,,,,,,//img.fifa.com/images/flags/4/mex.png,,,0,337,24,,Jesus Corona,Jesus Corona,1008,,37,,,,,Mexico,361,
1,Forward,0.6,22,29,8,PSV Eindhoven,17,//img.fifa.com/images/flags/4/mex.png,2350,8,221,87,-65,Hirving Lozano,Hirving Lozano,Hirving Lozano,1008,75.3,88,3,7.9,2,3.4,Mexico,243,4
1,Forward,,,,,,,//img.fifa.com/images/flags/4/mex.png,,,235,-5,-32,,Oribe Peralta,Oribe Peralta,1008,,120,,,,,Mexico,198,
1,Forward,0.7,24,33,12,AZ Alkmaar,21,//img.fifa.com/images/flags/4/irn.png,2840,14,1507,53,-43,Alireza Jahanbakhsh,Alireza Jahanbakhsh,Alireza Jahanbakhsh,727,73.4,1,2,8.2,,4.3,Iran,1517,3
1,Midfielder,0.2,25,34,15,Ajax,9,//img.fifa.com/images/flags/4/mar.png,3043,9,1306,-120,60,Hakim Ziyech,Hakim Ziyech,Hakim Ziyech,681,75.4,2,1,8.21,,4.9,Morocco,1246,4
1,Midfielder,1.9,32,27(3),3,Ajax,10,//img.fifa.com/images/flags/4/den.png,2350,2,614,48,162,Lasse Schone,Lasse Schone,Lasse Schone,1054,87,11,11,7.45,,1.9,Denmark,824,6
1,Defender,1,26,30,6,PSV Eindhoven,3,//img.fifa.com/images/flags/4/col.png,2664,2,435,92,197,Santiago Arias,Santiago Arias,Santiago Arias,989,82.3,17,25,7.25,,1.5,Colombia,724,5
1,Midfielder,0.6,33,31,4,Feyenoord,2,//img.fifa.com/images/flags/4/mar.png,2780,1,257,209,207,Karim El Ahmadi,Karim El Ahmadi,Karim El Ahmadi,681,89.6,23,34,7.19,,1.3,Morocco,674,2
1,Defender,,,,,,,//img.fifa.com/images/flags/4/per.png,,,86,192,47,,Renato Tapia,Renato Tapia,1106,,86,,,,,Peru,325,
1,Defender,,,,,,,//img.fifa.com/images/flags/4/arg.png,,,78,65,64,,Nicolas Tagliafico,Nicolas Tagliafico,1254,,122,,,,,Argentina,207,
1,Forward,0.5,20,11(12),,Ajax,6,//img.fifa.com/images/flags/4/den.png,1143,,217,27,-87,Kasper Dolberg,Kasper Dolberg,Kasper Dolberg,1054,78.1,150,160,6.69,,2,Denmark,156,
1,Goalkeeper,0.3,36,31,,Feyenoord,,//img.fifa.com/images/flags/4/aus.png,2790,,9,94,48,Brad Jones,Brad Jones,Brad Jones,700,58.8,154,181,6.6,,,Australia,151,1
1,Forward,1,30,30(5),1,SC Heerenveen,9,//img.fifa.com/images/flags/4/irn.png,2509,,341,-15,-189,Reza Ghoochannejhad,Reza Ghoochannejhad,Reza Ghoochannejhad,727,69.8,161,205,6.48,,1.8,Iran,137,3
1,Midfielder,,,,,,,//img.fifa.com/images/flags/4/isl.png,,,67,28,11,,Albert Gudmundsson,Albert Gudmundsson,930,,187,,,,,Iceland,105,
1,Defender,1.3,22,28,2,ADO Den Haag,,//img.fifa.com/images/flags/4/nga.png,2375,1,137,38,-120,Tyronne Ebuehi,Tyronne Ebuehi,Tyronne Ebuehi,635,79.2,220,117,6.83,1,0.2,Nigeria,55,1
1,Midfielder,1.2,21,11(10),2,Feyenoord,1,//img.fifa.com/images/flags/4/mar.png,1190,,86,-2,-41,Sofyan Amrabat,Sofyan Amrabat,Sofyan Amrabat,681,86.1,237,146,6.73,,0.8,Morocco,43,4
1,Midfielder,,,,,,,//img.fifa.com/images/flags/4/mex.png,,,758,5,116,,Giovani dos Santos,Giovani dos Santos,1008,,5,,,,,Mexico,879,
1,Midfielder,,,,,,,//img.fifa.com/images/flags/4/crc.png,,,298,72,15,,Christian Bolanos,Christian Bolanos,858,,74,,,,,Costa Rica,385,
1,Defender,0.1,23,4(5),,New York City FC,1,//img.fifa.com/images/flags/4/crc.png,341,,302,170,-196,Ronald Matarrita,Ronald Matarrita,Ronald Matarrita,858,81.6,136,267,6.43,,0.7,Costa Rica,276,1
1,Defender,2.8,30,13,1,Vancouver Whitecaps,1,//img.fifa.com/images/flags/4/crc.png,1093,1,213,33,-15,Kendall Waston,Kendall Waston,Kendall Waston,858,77.7,162,164,6.79,1,1.4,Costa Rica,231,4
1,Midfielder,,,,,,,//img.fifa.com/images/flags/4/crc.png,,,26,6,-67,,Johan Venegas,Johan Venegas,858,,471,,,,,Costa Rica,-36,
1,Midfielder,0.3,23,6,3,Sporting CP,3,//img.fifa.com/images/flags/4/por.png,567,1,706,64,-70,Bruno Fernandes,Bruno Fernandes,Bruno Fernandes,1306,79.9,7,2,8,,4,Portugal,700,1
1,Midfielder,1,24,26(1),4,FC Porto,2,//img.fifa.com/images/flags/4/por.png,2271,3,277,328,8,Ricardo Pereira,Ricardo Pereira,Ricardo Pereira,1306,80.3,11,6,7.59,,0.7,Portugal,613,3
1,Defender,4.3,27,4,,Sporting CP,,//img.fifa.com/images/flags/4/uru.png,360,,106,316,161,Sebastian Coates,Sebastian Coates,Sebastian Coates,976,82.4,12,170,7.04,,1.5,Uruguay,583,2
1,Goalkeeper,,30,6,,Sporting CP,,//img.fifa.com/images/flags/4/por.png,570,,0,408,139,Rui Patricio,Rui Patricio,Rui Patricio,1306,72.1,15,459,6.65,,,Portugal,547,
1,Midfielder,2.2,28,26(3),4,FC Porto,3,//img.fifa.com/images/flags/4/mex.png,2335,1,235,71,125,Hector Herrera,Hector Herrera,Hector Herrera,1008,84.7,25,8,7.5,,1.3,Mexico,431,7
1,Midfielder,2.3,26,3(1),,Sporting CP,,//img.fifa.com/images/flags/4/por.png,256,,128,129,130,William Carvalho,William Carvalho,William Carvalho,1306,91.1,28,68,7.3,,0.3,Portugal,386,2
1,Forward,0.2,27,19(7),4,Benfica,9,//img.fifa.com/images/flags/4/arg.png,1608,1,395,53,-115,Eduardo Salvio,Eduardo Salvio,Eduardo Salvio,1254,81,38,45,7.05,,1.9,Argentina,334,4
1,Forward,0.8,23,5,,Sporting CP,1,//img.fifa.com/images/flags/4/por.png,475,,427,-2,-103,Gelson Martins,Gelson Martins,Gelson Martins,1306,86.9,41,120,7.16,,1.8,Portugal,321,
1,Defender,1.9,21,24,,Benfica,3,//img.fifa.com/images/flags/4/por.png,2151,,71,185,47,Ruben Dias,Ruben Dias,Ruben Dias,1306,85.2,44,57,6.95,,0.4,Portugal,303,4
1,Defender,,,,,,,//img.fifa.com/images/flags/4/mex.png,,,103,122,64,,Diego Reyes,Diego Reyes,1008,,47,,,,,Mexico,288,
1,Midfielder,0.7,26,4(2),,Sporting CP,,//img.fifa.com/images/flags/4/arg.png,404,1,370,115,-222,Marcos Acuna,Marcos Acuna,Marcos Acuna,1254,72.2,53,216,6.97,,2,Argentina,263,
1,Forward,0.2,21,17(4),4,Benfica,3,//img.fifa.com/images/flags/4/srb.png,1543,3,234,-40,17,Andrija Zivkovic,Andrija Zivkovic,Andrija Zivkovic,732,82.2,72,27,7.22,1,1.4,Serbia,211,4
1,Midfielder,0.3,32,6,1,Sporting CP,,//img.fifa.com/images/flags/4/crc.png,488,,116,49,30,Bryan Ruiz,Bryan Ruiz,Bryan Ruiz,858,84.4,76,187,7.01,,1.7,Costa Rica,195,1
1,Forward,1.5,27,6(27),6,Benfica,6,//img.fifa.com/images/flags/4/mex.png,970,1,240,19,-66,Raul Jimenez,Raul Jimenez,Raul Jimenez,1008,68.7,77,177,6.59,,1.5,Mexico,193,3
1,Midfielder,,21,0(5),,Gremio,,//img.fifa.com/images/flags/4/por.png,93,,110,21,48,Pepe,Pepe,Pepe,1306,75.6,86,281,6.21,,0.4,Portugal,178,1
1,Forward,0.6,27,5,1,Vitoria de Guimaraes,2,//img.fifa.com/images/flags/4/per.png,386,,267,14,-108,Paolo Hurtado,Paolo Hurtado,Paolo Hurtado,1106,80.7,90,364,6.75,,0.8,Peru,174,2
1,Midfielder,0.7,22,18,1,Feirense,4,//img.fifa.com/images/flags/4/nga.png,1620,,235,106,-210,Oghenekaro Etebo,Oghenekaro Etebo,Oghenekaro Etebo,635,77,119,109,6.78,,2,Nigeria,132,5
1,Forward,0.5,26,9(11),2,Benfica,4,//img.fifa.com/images/flags/4/sui.png,832,,207,-44,-49,Haris Seferovic,Haris Seferovic,Haris Seferovic,1179,72.5,133,187,6.54,,1.5,Switzerland,114,1
1,Defender,,,,,,,//img.fifa.com/images/flags/4/mex.png,,,25,18,-5,,Miguel Layun,Miguel Layun,1008,,207,,,,,Mexico,37,
1,Goalkeeper,,,,,,,//img.fifa.com/images/flags/4/irn.png,,,-3,-6,-4,,Amir Abedzadeh,Amir Abedzadeh,727,,353,,,,,Iran,-13,
1,Defender,3.9,27,41(1),,Leeds,3,//img.fifa.com/images/flags/4/swe.png,3560,3,163,612,167,Pontus Jansson,Pontus Jansson,Pontus Jansson,889,83.2,10,45,7.12,,0.6,Sweden,943,13
1,Midfielder,1.7,28,37(5),,Wolverhampton Wanderers,4,//img.fifa.com/images/flags/4/mar.png,3398,3,244,144,178,Romain Saiss,Romain Saiss,Romain Saiss,681,83.8,45,55,7.09,,1,Morocco,566,11
1,Midfielder,2.6,25,38(1),3,Queens Park Rangers,6,//img.fifa.com/images/flags/4/aus.png,3389,4,559,143,-388,Massimo Luongo,Massimo Luongo,Massimo Luongo,700,71.6,121,15,7.32,,1.7,Australia,314,10
1,Defender,0.7,28,31(3),4,Sunderland,2,//img.fifa.com/images/flags/4/crc.png,2605,3,380,157,-236,Bryan Oviedo,Bryan Oviedo,Bryan Oviedo,858,73.1,131,73,7.03,,0.7,Costa Rica,301,9
1,Midfielder,1.1,30,11(14),2,Aston Villa,3,//img.fifa.com/images/flags/4/isl.png,1100,,190,97,4,Birkir Bjarnason,Birkir Bjarnason,Birkir Bjarnason,930,82.8,137,295,6.61,,1,Iceland,291,1
1,Goalkeeper,0.5,30,45,,Ipswich,,//img.fifa.com/images/flags/4/pol.png,4050,1,-27,362,-123,Bartosz Bialkowski,Bartosz Bialkowski,Bartosz Bialkowski,1128,42.9,180,187,6.79,,,Poland,211,
1,Defender,2,30,46,,Millwall,,//img.fifa.com/images/flags/4/aus.png,4009,,41,642,-497,James Meredith,James Meredith,James Meredith,700,63,202,158,6.84,,0.1,Australia,186,3
1,Midfielder,1.3,29,17(3),1,Cardiff,1,//img.fifa.com/images/flags/4/isl.png,1500,1,121,170,-133,Aron Gunnarsson,Aron Gunnarsson,Aron Gunnarsson,930,65.4,224,76,7.02,,0.8,Iceland,158,3
1,Midfielder,4.5,33,20(8),,Aston Villa,2,//img.fifa.com/images/flags/4/aus.png,1767,,75,128,-67,Mile Jedinak,Mile Jedinak,Mile Jedinak,700,75.2,244,57,7.08,,0.6,Australia,136,3
1,Defender,3.1,25,42,7,Ipswich,1,//img.fifa.com/images/flags/4/den.png,3780,2,218,261,-345,Jonas Knudsen,Jonas Knudsen,Jonas Knudsen,1054,66.5,247,100,6.96,,0.6,Denmark,134,10
1,Midfielder,0.5,33,37(3),4,Hull,2,//img.fifa.com/images/flags/4/swe.png,3246,,307,-236,53,Sebastian Larsson,Sebastian Larsson,Sebastian Larsson,889,79.3,258,232,6.7,,0.9,Sweden,124,13
1,Defender,3.1,28,29,3,Brentford,1,//img.fifa.com/images/flags/4/den.png,2541,2,161,45,-91,Henrik Dalsgaard,Henrik Dalsgaard,Henrik Dalsgaard,1054,72,266,90,6.98,,0.7,Denmark,115,4
1,Midfielder,,,,,,,//img.fifa.com/images/flags/4/irn.png,,,-3,2,-5,,Ashkan Dejagah,Ashkan Dejagah,727,,480,,,,,Iran,-5,
1,Midfielder,4.8,25,27(7),6,Hull,2,//img.fifa.com/images/flags/4/aus.png,2460,,300,4,-348,Jackson Irvine,Jackson Irvine,Jackson Irvine,700,68.2,573,89,6.98,,0.7,Australia,-43,6
1,Forward,2.8,26,20(13),1,Reading,7,//img.fifa.com/images/flags/4/isl.png,1766,3,330,39,-430,Jon Dadi Bodvarsson,Jon Dadi Bodvarsson,Jon Dadi Bodvarsson,930,61.9,597,311,6.55,,1.5,Iceland,-61,2
1,Forward,,,,,,,//img.fifa.com/images/flags/4/aus.png,,,4,-103,-27,,Tim Cahill,Tim Cahill,700,,639,,,,,Australia,-126,
1,Midfielder,,,,,,,//img.fifa.com/images/flags/4/sen.png,,,110,-39,-225,,Cheikh Ndoye,Cheikh Ndoye,825,,643,,,,,Senegal,-154,
1,Goalkeeper,0.6,31,33,,Galatasaray,,//img.fifa.com/images/flags/4/uru.png,2970,1,7,342,182,Fernando Muslera,Fernando Muslera,Fernando Muslera,976,68,30,164,6.67,,,Uruguay,531,6
1,Defender,2.5,33,25,1,Besiktas,5,//img.fifa.com/images/flags/4/srb.png,2174,2,137,272,104,Dusko Tosic,Dusko Tosic,Dusko Tosic,732,83,34,71,6.94,3,0.5,Serbia,513,7
1,Midfielder,0.3,34,23(3),7,Besiktas,4,//img.fifa.com/images/flags/4/por.png,2000,5,586,-59,-51,Ricardo Quaresma,Ricardo Quaresma,Ricardo Quaresma,1306,81.6,42,3,7.51,1,2.8,Portugal,476,3
1,Defender,2.2,29,18(2),,Sevilla,2,//img.fifa.com/images/flags/4/den.png,1572,,75,318,-40,Simon Kjaer,Simon Kjaer,Simon Kjaer,1054,84.4,66,123,6.82,,0.5,Denmark,354,3
1,Midfielder,0.6,25,17(4),1,Trabzonspor,2,//img.fifa.com/images/flags/4/nga.png,1305,,262,62,-62,Ogenyi Onazi,Ogenyi Onazi,Ogenyi Onazi,635,82.3,103,155,6.7,,0.5,Nigeria,262,5
1,Forward,,,,,,,//img.fifa.com/images/flags/4/sen.png,,,362,10,-126,,Moussa Sow,Moussa Sow,825,,114,,,,,Senegal,245,
1,Defender,1,28,31,,Alanyaspor,,//img.fifa.com/images/flags/4/sen.png,2675,1,67,251,-97,Lamine Gassama,Lamine Gassama,Lamine Gassama,825,77.9,128,94,6.86,,0.1,Senegal,221,8
1,Defender,2.2,24,26(2),,Kasimpasa,1,//img.fifa.com/images/flags/4/nga.png,2407,,45,110,-16,Kenneth Omeruo,Kenneth Omeruo,Kenneth Omeruo,635,81.2,183,53,7.02,,0.5,Nigeria,139,4
1,Defender,0.3,27,31,2,Bursaspor,5,//img.fifa.com/images/flags/4/aus.png,2788,1,44,166,-314,Aziz Behich,Aziz Behich,Aziz Behich,700,77.2,459,132,6.77,,0.6,Australia,-104,7
1,Defender,2.8,38,5,,CSKA Moscow,,//img.fifa.com/images/flags/4/rus.png,450,,165,468,182,Sergei Ignashevich,Sergei Ignashevich,Sergei Ignashevich,493,79.1,5,257,6.92,,0.4,Russia,814,
1,Defender,2.8,33,29,2,FC Krasnodar,1,//img.fifa.com/images/flags/4/swe.png,2610,2,32,583,136,Andreas Granqvist,Andreas Granqvist,Andreas Granqvist,889,87,7,18,7.16,,0.3,Sweden,751,6
1,Defender,,,,,,,//img.fifa.com/images/flags/4/cro.png,,,148,444,71,,Vedran Corluka,Vedran Corluka,975,,12,,,,,Croatia,664,
1,Defender,2.8,27,25,3,CSKA Moscow,,//img.fifa.com/images/flags/4/rus.png,2134,,83,444,126,Mario Fernandes,Mario Fernandes,Mario Fernandes,493,79.9,14,16,7.17,,0.6,Russia,653,2
1,Defender,0.8,29,4(1),,Zenit St. Petersburg,,//img.fifa.com/images/flags/4/rus.png,330,,206,358,71,Igor Smolnikov,Igor Smolnikov,Igor Smolnikov,493,76.6,17,684,6.31,,0.2,Russia,636,2
1,Midfielder,2.4,29,9,,Tianjin Quanjian,1,//img.fifa.com/images/flags/4/bel.png,805,1,181,221,226,Axel Witsel,Axel Witsel,Axel Witsel,1346,86.8,19,60,6.95,,0.6,Belgium,628,
1,Defender,,,,,,,//img.fifa.com/images/flags/4/isl.png,,,78,443,55,,Ragnar Sigurdsson,Ragnar Sigurdsson,930,,22,,,,,Iceland,576,
1,Midfielder,0.5,27,6,1,CSKA Moscow,1,//img.fifa.com/images/flags/4/rus.png,454,,357,157,55,Alan Dzagoev,Alan Dzagoev,Alan Dzagoev,493,80.8,24,493,6.61,,2.7,Russia,569,1
1,Forward,,25,6,,CSKA Moscow,1,//img.fifa.com/images/flags/4/nga.png,513,,541,96,-82,Ahmed Musa,Ahmed Musa,Ahmed Musa,635,66.7,26,645,6.38,,2.5,Nigeria,555,2
1,Midfielder,1.4,32,10,,Lokomotiv Moscow,6,//img.fifa.com/images/flags/4/por.png,900,2,387,108,-58,Manuel Fernandes,Manuel Fernandes,Manuel Fernandes,1306,84.7,49,25,7.52,,2.7,Portugal,437,1
1,Defender,0.8,28,5(1),,Lokomotiv Moscow,1,//img.fifa.com/images/flags/4/pol.png,495,,324,49,-79,Maciej Rybus,Maciej Rybus,Maciej Rybus,1128,83.1,86,405,6.7,,0.5,Poland,294,1
1,Goalkeeper,0.2,32,6,,CSKA Moscow,,//img.fifa.com/images/flags/4/rus.png,540,,18,200,37,Igor Akinfeev,Igor Akinfeev,Igor Akinfeev,493,58.2,101,294,6.86,,,Russia,254,1
1,Midfielder,0.4,33,18(3),1,Spartak Moscow,2,//img.fifa.com/images/flags/4/rus.png,1468,,265,19,-51,Aleksandr Samedov,Aleksandr Samedov,Aleksandr Samedov,493,81.5,108,178,6.56,1,1.3,Russia,233,3
1,Midfielder,0.7,25,6(1),1,Zenit St. Petersburg,1,//img.fifa.com/images/flags/4/rus.png,540,,19,102,30,Daler Kuzyaev,Daler Kuzyaev,Daler Kuzyaev,493,83.7,136,163,7.05,,0.4,Russia,151,2
1,Midfielder,0.5,34,2(2),,Zenit St. Petersburg,,//img.fifa.com/images/flags/4/rus.png,216,,98,160,-135,Yuri Zhirkov,Yuri Zhirkov,Yuri Zhirkov,493,80.8,164,460,6.65,,,Russia,123,
1,Defender,,,,,,,//img.fifa.com/images/flags/4/pol.png,,,26,185,-88,,Artur Jedrzejczyk,Artur Jedrzejczyk,1128,,165,,,,,Poland,122,
1,Goalkeeper,0.1,34,20,,Arsenal Tula,,//img.fifa.com/images/flags/4/rus.png,1800,,0,126,-6,Vladimir Gabulov,Vladimir Gabulov,Vladimir Gabulov,493,41.8,167,228,6.3,,,Russia,119,2
1,Midfielder,1.1,24,10(4),1,Spartak Moscow,,//img.fifa.com/images/flags/4/rus.png,1006,,52,67,-1,Roman Zobnin,Roman Zobnin,Roman Zobnin,493,81.8,168,74,6.85,,1.4,Russia,118,2
1,Defender,1.3,31,26(1),,Rubin Kazan,,//img.fifa.com/images/flags/4/rus.png,2419,,4,126,-14,Vladimir Granat,Vladimir Granat,Vladimir Granat,493,78.2,170,136,6.68,,0.1,Russia,116,10
1,Midfielder,0.8,22,5,,CSKA Moscow,2,//img.fifa.com/images/flags/4/rus.png,450,,35,34,12,Aleksandr Golovin,Aleksandr Golovin,Aleksandr Golovin,493,83.1,199,38,7.43,,2.8,Russia,81,2
1,Midfielder,0.3,26,3(1),,Hoffenheim,,//img.fifa.com/images/flags/4/sui.png,233,,14,6,2,Steven Zuber,Steven Zuber,Steven Zuber,1179,82.3,258,585,6.49,,1,Switzerland,22,
1,Defender,,,,,,,//img.fifa.com/images/flags/4/rus.png,,,47,-68,11,,Fyodor Kudryashov,Fyodor Kudryashov,493,,332,,,,,Russia,-10,
1,Forward,2,23,13(13),3,Rubin Kazan,5,//img.fifa.com/images/flags/4/irn.png,1429,1,125,-83,-116,Sardar Azmoun,Sardar Azmoun,Sardar Azmoun,727,66,389,128,6.71,,1.6,Iran,-74,4
1,Midfielder,,,,,,,//img.fifa.com/images/flags/4/mex.png,,,160,95,-22,,Javier Aquino,Javier Aquino,1008,,86,,,,,Mexico,232,
1,Forward,0.2,24,26(7),5,Juventus,22,//img.fifa.com/images/flags/4/arg.png,2358,8,1336,54,55,Paulo Dybala,Paulo Dybala,Paulo Dybala,1254,87.3,1,1,7.77,,3.5,Argentina,1444,
1,Defender,1.5,32,34(1),8,Roma,2,//img.fifa.com/images/flags/4/srb.png,3061,6,588,320,198,Aleksandar Kolarov,Aleksandar Kolarov,Aleksandar Kolarov,732,81.2,6,4,7.52,,1.8,Serbia,1106,3
1,Midfielder,0.6,22,36,1,Sampdoria,4,//img.fifa.com/images/flags/4/uru.png,3185,3,432,330,228,Lucas Torreira,Lucas Torreira,Lucas Torreira,976,87.2,10,29,7.17,,0.9,Uruguay,990,6
1,Forward,,26,23(4),10,Torino,6,//img.fifa.com/images/flags/4/srb.png,2155,4,599,38,185,Adem Ljajic,Adem Ljajic,Adem Ljajic,732,82.1,20,24,7.21,,2.3,Serbia,822,2
1,Forward,0.3,30,32(3),6,Juventus,16,//img.fifa.com/images/flags/4/arg.png,2818,5,977,44,-202,Gonzalo Higuain,Gonzalo Higuain,Gonzalo Higuain,1254,80.4,21,19,7.25,,2.9,Argentina,819,4
1,Defender,4.4,31,32(2),,Roma,2,//img.fifa.com/images/flags/4/arg.png,2920,5,120,429,240,Federico Fazio,Federico Fazio,Federico Fazio,1254,84.4,22,18,7.26,,0.5,Argentina,789,6
1,Forward,0.1,31,35(3),6,Napoli,18,//img.fifa.com/images/flags/4/bel.png,3013,7,910,-109,-58,Dries Mertens,Dries Mertens,Dries Mertens,1346,75.5,24,25,7.21,,3.4,Belgium,742,4
1,Midfielder,0.2,27,18(13),12,Juventus,4,//img.fifa.com/images/flags/4/bra.png,1793,4,605,-15,92,Douglas Costa,Douglas Costa,Douglas Costa,1384,84,31,7,7.45,,1.2,Brazil,682,1
1,Midfielder,1.8,29,37,9,Inter,11,//img.fifa.com/images/flags/4/cro.png,3316,5,738,5,-122,Ivan Perisic,Ivan Perisic,Ivan Perisic,975,75.4,42,14,7.35,,3.1,Croatia,621,4
1,Defender,1.9,33,31,,Inter,,//img.fifa.com/images/flags/4/bra.png,2729,,23,428,167,Miranda,Miranda,Miranda,1384,87.6,44,91,6.89,,0.3,Brazil,619,8
1,Midfielder,1.3,26,8,1,Atalanta,1,//img.fifa.com/images/flags/4/sui.png,720,,411,-56,208,Remo Freuler,Remo Freuler,Remo Freuler,1179,87.8,49,18,7.58,,1,Switzerland,563,1
1,Midfielder,0.7,25,21(10),9,Inter,4,//img.fifa.com/images/flags/4/cro.png,1924,3,394,-76,208,Marcelo Brozovic,Marcelo Brozovic,Marcelo Brozovic,975,87.9,52,27,7.2,,1.5,Croatia,526,9
1,Midfielder,1.6,32,5,,AC Milan,,//img.fifa.com/images/flags/4/arg.png,450,,194,26,299,Lucas Biglia,Lucas Biglia,Lucas Biglia,1254,89.9,53,36,7.43,,0.6,Argentina,518,
1,Midfielder,2.4,23,5(3),3,Lazio,2,//img.fifa.com/images/flags/4/srb.png,525,1,660,-20,-134,Sergej Milinkovic-Savic,Sergej Milinkovic-Savic,Sergej Milinkovic-Savic,732,74.1,54,126,7.15,,1.6,Serbia,506,3
1,Midfielder,0.2,24,14(22),2,Napoli,4,//img.fifa.com/images/flags/4/pol.png,1659,,316,39,148,Piotr Zielinski,Piotr Zielinski,Piotr Zielinski,1128,88,56,155,6.75,,1.1,Poland,503,3
1,Midfielder,0.7,31,24(2),2,Juventus,9,//img.fifa.com/images/flags/4/ger.png,1922,1,385,-12,95,Sami Khedira,Sami Khedira,Sami Khedira,1544,87.2,62,85,6.91,,1.2,Germany,468,1
1,Defender,2,25,6(1),2,AC Milan,2,//img.fifa.com/images/flags/4/sui.png,545,1,228,95,135,Ricardo Rodriguez,Ricardo Rodriguez,Ricardo Rodriguez,1179,89.3,64,151,7.08,,0.7,Switzerland,457,
1,Forward,2.5,32,27(5),3,Juventus,5,//img.fifa.com/images/flags/4/cro.png,2327,1,380,53,-36,Mario Mandzukic,Mario Mandzukic,Mario Mandzukic,975,75.8,85,57,7.01,1,1.6,Croatia,397,3
1,Midfielder,0.9,29,27,1,Fiorentina,2,//img.fifa.com/images/flags/4/cro.png,2355,1,203,49,125,Milan Badelj,Milan Badelj,Milan Badelj,975,83.2,90,35,7.12,1,1.2,Croatia,377,8
1,Midfielder,1.1,26,25(4),2,Inter,3,//img.fifa.com/images/flags/4/uru.png,2137,,267,-49,136,Matias Vecino,Matias Vecino,Matias Vecino,976,88.3,101,111,6.83,1,1.4,Uruguay,354,7
1,Forward,0.2,30,1(5),1,AC Milan,,//img.fifa.com/images/flags/4/cro.png,184,,340,-23,12,Nikola Kalinic,Nikola Kalinic,Nikola Kalinic,975,85.1,106,655,6.36,,0.7,Croatia,329,
1,Defender,,,,,,,//img.fifa.com/images/flags/4/pol.png,,,84,247,-23,,Thiago Cionek,Thiago Cionek,1128,,111,,,,,Poland,308,
1,Defender,2.5,31,4,,AC Milan,,//img.fifa.com/images/flags/4/col.png,360,,34,140,129,Cristian Zapata,Cristian Zapata,Cristian Zapata,989,89.1,113,235,6.94,,0.5,Colombia,304,
1,Goalkeeper,,,,,,,//img.fifa.com/images/flags/4/pol.png,,,3,208,92,,Wojciech Szczesny,Wojciech Szczesny,1128,,114,,,,,Poland,303,
1,Defender,0.7,27,24(1),4,Napoli,2,//img.fifa.com/images/flags/4/por.png,2088,1,91,-20,174,Mario Rui,Mario Rui,Mario Rui,1306,87.8,136,94,6.88,1,0.3,Portugal,245,8
1,Midfielder,1,27,16(6),2,Torino,5,//img.fifa.com/images/flags/4/nga.png,1201,1,259,65,-92,Joel Obi,Joel Obi,Joel Obi,635,81.7,142,92,6.89,,0.7,Nigeria,232,3
1,Defender,2.1,25,27(2),,Bologna,,//img.fifa.com/images/flags/4/swe.png,2499,,42,191,-9,Filip Helander,Filip Helander,Filip Helander,889,81.4,152,172,6.7,,0.1,Sweden,223,5
1,Defender,2.4,30,22,,Bologna,,//img.fifa.com/images/flags/4/crc.png,1858,,-4,188,-13,Giancarlo Gonzalez,Giancarlo Gonzalez,Giancarlo Gonzalez,858,80.6,181,200,6.63,2,,Costa Rica,171,4
1,Forward,1.4,21,6(16),1,Sampdoria,5,//img.fifa.com/images/flags/4/pol.png,811,,158,20,-27,Dawid Kownacki,Dawid Kownacki,Dawid Kownacki,1128,75.4,190,235,6.51,,1,Poland,152,
1,Midfielder,0.6,20,5(15),,Juventus,,//img.fifa.com/images/flags/4/uru.png,568,,46,-24,102,Rodrigo Bentancur,Rodrigo Bentancur,Rodrigo Bentancur,976,88.2,213,262,6.41,,0.3,Uruguay,125,
1,Forward,,,,,,,//img.fifa.com/images/flags/4/pol.png,,,147,9,-30,,Arkadiusz Milik,Arkadiusz Milik,1128,,215,,,,,Poland,125,
1,Defender,,,,,,,//img.fifa.com/images/flags/4/srb.png,,,-5,62,62,,Nikola Milenkovic,Nikola Milenkovic,732,,219,,,,,Serbia,119,
1,Defender,0.8,25,28(3),1,Sampdoria,,//img.fifa.com/images/flags/4/pol.png,2484,1,72,68,-25,Bartosz Bereszynski,Bartosz Bereszynski,Bartosz Bereszynski,1128,81.1,223,179,6.69,,0.2,Poland,116,5
1,Midfielder,0.9,33,18(2),1,Udinese,1,//img.fifa.com/images/flags/4/sui.png,1407,,116,4,-18,Valon Behrami,Valon Behrami,Valon Behrami,1179,82.3,237,140,6.77,,0.5,Switzerland,102,5
1,Defender,,,,,,,//img.fifa.com/images/flags/4/mex.png,,,0,59,42,,Hector Moreno,Hector Moreno,1008,,240,,,,,Mexico,101,
1,Midfielder,,,,,,,//img.fifa.com/images/flags/4/swe.png,,,77,-56,80,,Oscar Hiljemark,Oscar Hiljemark,889,,244,,,,,Sweden,101,
1,Forward,0.8,25,0(4),,Atalanta,2,//img.fifa.com/images/flags/4/den.png,25,,189,-3,-97,Andreas Cornelius,Andreas Cornelius,Andreas Cornelius,1054,66.7,257,484,6.62,,1.3,Denmark,89,
1,Defender,,,,,,,//img.fifa.com/images/flags/4/uru.png,,,213,-54,-72,,Martin Caceres,Martin Caceres,976,,260,,,,,Uruguay,87,
1,Midfielder,,,,,,,//img.fifa.com/images/flags/4/uru.png,,,47,23,-27,,Carlos Sanchez,Carlos Sanchez,976,,306,,,,,Uruguay,43,
1,Forward,0.8,22,8(2),,AC Milan,6,//img.fifa.com/images/flags/4/por.png,721,2,111,15,-85,Andre Silva,Andre Silva,Andre Silva,1306,78.7,309,166,7.05,,2.1,Portugal,42,1
1,Midfielder,,,,,,,//img.fifa.com/images/flags/4/sui.png,,,113,-23,-53,,Blerim Dzemaili,Blerim Dzemaili,1179,,315,,,,,Switzerland,37,
1,Midfielder,0.6,33,8(11),,Udinese,,//img.fifa.com/images/flags/4/isl.png,761,,-4,-36,62,Emil Hallfredsson,Emil Hallfredsson,Emil Hallfredsson,930,88.5,336,265,6.39,,0.1,Iceland,21,5
1,Defender,0.2,31,20(5),3,Torino,1,//img.fifa.com/images/flags/4/arg.png,1868,1,234,-22,-196,Cristian Ansaldi,Cristian Ansaldi,Cristian Ansaldi,1254,74.4,347,81,6.92,1,0.7,Argentina,16,5
1,Defender,,,,,,,//img.fifa.com/images/flags/4/jap.png,,,18,-2,-7,,Yuto Nagatomo,Yuto Nagatomo,528,,370,,,,,Japan,8,
1,Defender,,,,,,,//img.fifa.com/images/flags/4/cro.png,,,44,-31,-57,,Ivan Strinic,Ivan Strinic,975,,455,,,,,Croatia,-43,
1,Defender,,,,,,,//img.fifa.com/images/flags/4/swe.png,,,12,-23,-38,,Emil Krafth,Emil Krafth,889,,462,,,,,Sweden,-49,
1,Midfielder,0.4,23,21(8),2,Sampdoria,3,//img.fifa.com/images/flags/4/pol.png,2133,,175,-133,-110,Karol Linetty,Karol Linetty,Karol Linetty,1128,81,475,166,6.71,,0.9,Poland,-68,8
1,Midfielder,0.6,25,32,3,Genoa,3,//img.fifa.com/images/flags/4/uru.png,2810,,205,13,-303,Diego Laxalt,Diego Laxalt,Diego Laxalt,976,72,484,142,6.77,,1,Uruguay,-86,2
1,Goalkeeper,0.2,24,25(1),,SPAL 2013,,//img.fifa.com/images/flags/4/sen.png,2260,1,0,-86,-14,Alfred Gomis,Alfred Gomis,Alfred Gomis,825,51.8,490,177,6.69,,,Senegal,-100,
1,Midfielder,0.8,27,20(6),,Crotone,2,//img.fifa.com/images/flags/4/swe.png,1637,,99,-43,-208,Marcus Rohden,Marcus Rohden,Marcus Rohden,889,67.6,503,269,6.35,,0.8,Sweden,-151,2
1,Goalkeeper,,,,,,,//img.fifa.com/images/flags/4/aus.png,,,3,883,-67,,Danny Vukovic,Danny Vukovic,700,,2,,,,,Australia,818,
1,Forward,,,,,,,//img.fifa.com/images/flags/4/aus.png,,,813,6,-139,,Jamie Maclaren,Jamie Maclaren,700,,6,,,,,Australia,680,
1,Defender,,,,,,,//img.fifa.com/images/flags/4/aus.png,,,6,354,-23,,Matthew Jurman,Matthew Jurman,700,,38,,,,,Australia,336,
1,Midfielder,,,,,,,//img.fifa.com/images/flags/4/aus.png,,,506,107,-291,,Andrew Nabbout,Andrew Nabbout,700,,39,,,,,Australia,322,
1,Forward,,,,,,,//img.fifa.com/images/flags/4/aus.png,,,235,13,-48,,Dimitri Petratos,Dimitri Petratos,700,,68,,,,,Australia,200,
1,Defender,,,,,,,//img.fifa.com/images/flags/4/aus.png,,,147,54,-153,,Josh Risdon,Josh Risdon,700,,141,,,,,Australia,49,
1,Midfielder,,,,,,,//img.fifa.com/images/flags/4/aus.png,,,14,-3,-3,,Daniel Arzani,Daniel Arzani,700,,173,,,,,Australia,7,
1,Forward,1.8,29,24(6),2,Bayern Munich,29,//img.fifa.com/images/flags/4/pol.png,2169,2,952,45,-49,Robert Lewandowski,Robert Lewandowski,Robert Lewandowski,1128,79.5,2,3,7.49,,4.2,Poland,948,1
1,Midfielder,0.3,26,19(4),11,Bayern Munich,7,//img.fifa.com/images/flags/4/col.png,1627,5,423,61,335,James Rodriguez,James Rodriguez,James Rodriguez,989,90,3,1,7.63,,1.7,Colombia,820,2
1,Midfielder,0.8,23,26(3),10,Bayern Munich,1,//img.fifa.com/images/flags/4/ger.png,2334,1,219,150,417,Joshua Kimmich,Joshua Kimmich,Joshua Kimmich,1544,90.3,4,15,7.23,,0.3,Germany,786,1
1,Defender,3,22,34,,VfB Stuttgart,1,//img.fifa.com/images/flags/4/fra.png,3060,4,66,589,125,Benjamin Pavard,Benjamin Pavard,Benjamin Pavard,1166,83.7,5,29,7.1,,0.3,France,780,2
1,Defender,2.9,24,34,2,Borussia M.Gladbach,5,//img.fifa.com/images/flags/4/ger.png,3060,1,278,269,215,Matthias Ginter,Matthias Ginter,Matthias Ginter,1544,87.1,7,85,6.92,,0.9,Germany,761,2
1,Midfielder,5.7,27,32,1,Hannover 96,4,//img.fifa.com/images/flags/4/sen.png,2880,5,286,302,160,Salif Sane,Salif Sane,Salif Sane,825,81,8,8,7.34,,0.9,Senegal,748,6
1,Defender,2.8,29,25(1),1,Bayern Munich,1,//img.fifa.com/images/flags/4/ger.png,2213,1,105,348,279,Mats Hummels,Mats Hummels,Mats Hummels,1544,87.3,10,12,7.27,,1,Germany,732,3
1,Forward,0.3,26,4,,Hoffenheim,,//img.fifa.com/images/flags/4/cro.png,360,,565,54,61,Andrej Kramaric,Andrej Kramaric,Andrej Kramaric,975,78.2,14,653,6.37,,3.3,Croatia,681,2
1,Midfielder,0.8,23,17(9),4,Bayern Munich,6,//img.fifa.com/images/flags/4/fra.png,1529,1,334,97,236,Corentin Tolisso,Corentin Tolisso,Corentin Tolisso,1166,90.4,15,56,6.99,,1.6,France,667,3
1,Defender,1.6,22,20(7),1,Bayern Munich,2,//img.fifa.com/images/flags/4/ger.png,1919,1,73,243,345,Niklas Sule,Niklas Sule,Niklas Sule,1544,92.7,16,92,6.9,,0.7,Germany,661,1
1,Midfielder,1.2,27,12(7),2,Bayern Munich,2,//img.fifa.com/images/flags/4/esp.png,1243,2,193,106,284,Thiago Alcantara,Thiago Alcantara,Thiago Alcantara,1162,91.5,21,7,7.36,,1.3,Spain,583,3
1,Defender,1.7,29,19,2,Bayern Munich,1,//img.fifa.com/images/flags/4/ger.png,1644,1,166,141,236,Jerome Boateng,Jerome Boateng,Jerome Boateng,1544,86.9,25,21,7.14,,0.7,Germany,543,4
1,Midfielder,0.6,22,26(8),3,Bayer Leverkusen,9,//img.fifa.com/images/flags/4/ger.png,2337,1,414,39,58,Julian Brandt,Julian Brandt,Julian Brandt,1544,79,30,63,6.98,,1.3,Germany,511,
1,Defender,3.2,25,32,,Borussia M.Gladbach,3,//img.fifa.com/images/flags/4/den.png,2880,1,119,203,178,Jannik Vestergaard,Jannik Vestergaard,Jannik Vestergaard,1054,85.4,35,79,6.93,,0.8,Denmark,500,5
1,Forward,0.9,25,33(1),5,Borussia M.Gladbach,10,//img.fifa.com/images/flags/4/bel.png,2947,3,438,103,-45,Thorgan Hazard,Thorgan Hazard,Thorgan Hazard,1346,76.3,36,26,7.11,,2.6,Belgium,496,1
1,Forward,1.2,28,22(7),14,Bayern Munich,8,//img.fifa.com/images/flags/4/ger.png,1966,1,457,-29,44,Thomas Muller,Thomas Muller,Thomas Muller,1544,76.9,40,11,7.28,,1.5,Germany,472,4
1,Forward,,22,5,2,RasenBallsport Leipzig,4,//img.fifa.com/images/flags/4/ger.png,445,1,588,4,-132,Timo Werner,Timo Werner,Timo Werner,1544,79,43,30,7.48,,3.8,Germany,459,
1,Midfielder,0.1,29,12(7),1,Borussia Dortmund,5,//img.fifa.com/images/flags/4/jap.png,1166,,223,81,139,Shinji Kagawa,Shinji Kagawa,Shinji Kagawa,528,87.5,49,123,6.81,,1.3,Japan,444,
1,Midfielder,0.4,20,23(8),3,Schalke 04,3,//img.fifa.com/images/flags/4/mar.png,2053,2,187,191,54,Amine Harit,Amine Harit,Amine Harit,681,84.2,52,88,6.92,,0.8,Morocco,432,3
1,Defender,1,26,33,7,Hertha Berlin,,//img.fifa.com/images/flags/4/ger.png,2970,,196,135,91,Marvin Plattenhardt,Marvin Plattenhardt,Marvin Plattenhardt,1544,81.6,55,106,6.85,,0.5,Germany,422,6
1,Defender,2.7,33,24,3,Borussia Dortmund,,//img.fifa.com/images/flags/4/pol.png,2140,,123,231,65,Lukasz Piszczek,Lukasz Piszczek,Lukasz Piszczek,1128,81.3,57,19,7.19,,0.8,Poland,419,3
1,Midfielder,1.3,23,21(5),2,Schalke 04,4,//img.fifa.com/images/flags/4/ger.png,1983,1,260,161,-26,Leon Goretzka,Leon Goretzka,Leon Goretzka,1544,79.8,62,43,7.03,,1.7,Germany,395,3
1,Forward,0.8,29,22,3,Augsburg,12,//img.fifa.com/images/flags/4/isl.png,1826,3,521,42,-183,Alfred Finnbogason,Alfred Finnbogason,Alfred Finnbogason,930,71.6,63,25,7.11,,2.3,Iceland,379,2
1,Midfielder,0.6,21,29(1),1,Borussia M.Gladbach,2,//img.fifa.com/images/flags/4/sui.png,2308,,173,165,36,Denis Zakaria,Denis Zakaria,Denis Zakaria,1179,89.3,65,160,6.73,,0.7,Switzerland,374,11
1,Goalkeeper,0.6,25,34,,Wolfsburg,,//img.fifa.com/images/flags/4/bel.png,3060,2,0,267,101,Koen Casteels,Koen Casteels,Koen Casteels,1346,60.7,69,86,6.92,,,Belgium,368,1
1,Defender,1.5,24,29,,Werder Bremen,1,//img.fifa.com/images/flags/4/swe.png,2535,,136,200,3,Ludwig Augustinsson,Ludwig Augustinsson,Ludwig Augustinsson,889,78.1,84,154,6.73,,0.8,Sweden,340,3
1,Midfielder,3.7,26,31(1),4,Werder Bremen,3,//img.fifa.com/images/flags/4/den.png,2796,3,185,257,-114,Thomas Delaney,Thomas Delaney,Thomas Delaney,1054,71.9,86,37,7.06,,1.8,Denmark,328,5
1,Midfielder,0.6,34,23(1),,Eintracht Frankfurt,,//img.fifa.com/images/flags/4/jap.png,2090,,20,192,115,Makoto Hasebe,Makoto Hasebe,Makoto Hasebe,528,88.5,88,215,6.57,1,0.1,Japan,327,3
1,Midfielder,0.8,28,16(9),4,Bayern Munich,1,//img.fifa.com/images/flags/4/ger.png,1509,,125,18,175,Sebastian Rudy,Sebastian Rudy,Sebastian Rudy,1544,89.9,91,109,6.84,,0.8,Germany,318,2
1,Goalkeeper,0.3,29,30,,Borussia M.Gladbach,,//img.fifa.com/images/flags/4/sui.png,2627,,0,173,142,Yann Sommer,Yann Sommer,Yann Sommer,1179,69.9,92,130,6.79,,,Switzerland,315,1
1,Defender,2.8,21,33,2,Borussia M.Gladbach,2,//img.fifa.com/images/flags/4/sui.png,2916,,102,122,65,Nico Elvedi,Nico Elvedi,Nico Elvedi,1179,83.5,103,87,6.92,,0.5,Switzerland,289,6
1,Forward,0.2,26,3(3),2,RasenBallsport Leipzig,,//img.fifa.com/images/flags/4/swe.png,326,1,276,5,-12,Emil Forsberg,Emil Forsberg,Emil Forsberg,889,78.9,112,277,6.89,,0.8,Sweden,269,
1,Forward,1,20,9(13),1,Eintracht Frankfurt,8,//img.fifa.com/images/flags/4/srb.png,929,,357,-23,-75,Luka Jovic,Luka Jovic,Luka Jovic,732,73.6,119,216,6.57,,1.7,Serbia,259,2
1,Forward,,,,,,,//img.fifa.com/images/flags/4/ger.png,,,397,11,-165,,Mario Gomez,Mario Gomez,1544,,130,,,,,Germany,243,
1,Forward,1.3,25,20(7),2,Mainz 05,8,//img.fifa.com/images/flags/4/jap.png,1906,1,301,50,-141,Yoshinori Muto,Yoshinori Muto,Yoshinori Muto,528,74.9,150,148,6.75,,1.4,Japan,211,2
1,Forward,0.3,29,3(1),,Borussia Dortmund,,//img.fifa.com/images/flags/4/ger.png,229,,176,4,18,Marco Reus,Marco Reus,Marco Reus,1544,79.1,157,742,6.13,,0.8,Germany,199,
1,Midfielder,3.7,27,19(7),1,Hertha Berlin,5,//img.fifa.com/images/flags/4/aus.png,1854,3,235,106,-191,Mathew Leckie,Mathew Leckie,Mathew Leckie,700,70.9,188,69,6.96,,0.9,Australia,150,3
1,Forward,1.2,28,3(3),1,FC Cologne,2,//img.fifa.com/images/flags/4/jap.png,357,1,207,38,-102,Yuya Osako,Yuya Osako,Yuya Osako,528,78.3,194,393,6.71,,1.7,Japan,143,
1,Defender,2.6,28,20,2,FC Cologne,2,//img.fifa.com/images/flags/4/ger.png,1761,1,122,75,-63,Jonas Hector,Jonas Hector,Jonas Hector,1544,81.8,204,47,7,,0.8,Germany,135,4
1,Midfielder,1.6,28,12(7),1,Hamburger SV,,//img.fifa.com/images/flags/4/swe.png,1109,,18,180,-67,Albin Ekdal,Albin Ekdal,Albin Ekdal,889,76.3,207,207,6.61,,0.4,Sweden,131,3
1,Midfielder,2,22,30,,Werder Bremen,1,//img.fifa.com/images/flags/4/srb.png,2656,,28,161,-59,Milos Veljkovic,Milos Veljkovic,Milos Veljkovic,732,77.5,209,194,6.64,,0.2,Serbia,130,2
1,Defender,,,,,,,//img.fifa.com/images/flags/4/por.png,,,65,77,-15,,Raphael Guerreiro,Raphael Guerreiro,1306,,210,,,,,Portugal,128,
1,Forward,5.8,23,2(3),1,RasenBallsport Leipzig,,//img.fifa.com/images/flags/4/den.png,215,,195,136,-208,Yussuf Poulsen,Yussuf Poulsen,Yussuf Poulsen,1054,59.1,214,504,6.59,,0.6,Denmark,123,1
1,Forward,1.4,24,21(4),2,Eintracht Frankfurt,6,//img.fifa.com/images/flags/4/cro.png,1764,1,408,-81,-237,Ante Rebic,Ante Rebic,Ante Rebic,975,56.9,241,65,6.96,,1.8,Croatia,90,8
1,Goalkeeper,,,,,,,//img.fifa.com/images/flags/4/ger.png,,,0,37,28,,Manuel Neuer,Manuel Neuer,1544,,264,,,,,Germany,65,
1,Midfielder,,,,,,,//img.fifa.com/images/flags/4/cro.png,,,96,8,-46,,Marko Pjaca,Marko Pjaca,975,,272,,,,,Croatia,58,
1,Defender,,,,,,,//img.fifa.com/images/flags/4/sui.png,,,31,14,3,,Manuel Akanji,Manuel Akanji,1179,,281,,,,,Switzerland,49,
1,Defender,1.3,27,26(2),,Hamburger SV,,//img.fifa.com/images/flags/4/jap.png,2289,,106,111,-178,Gotoku Sakai,Gotoku Sakai,Gotoku Sakai,528,75.7,291,200,6.63,,0.6,Japan,38,2
1,Midfielder,0.4,31,12(7),,Eintracht Frankfurt,,//img.fifa.com/images/flags/4/sui.png,1036,,17,11,-31,Gelson Fernandes,Gelson Fernandes,Gelson Fernandes,1179,81.7,358,221,6.56,,0.1,Switzerland,-3,4
1,Goalkeeper,,,,,,,//img.fifa.com/images/flags/4/sui.png,,,0,-23,11,,Yvon Mvogo,Yvon Mvogo,1179,,372,,,,,Switzerland,-12,
1,Forward,,,,,,,//img.fifa.com/images/flags/4/sui.png,,,74,-45,-46,,Josip Drmic,Josip Drmic,1179,,386,,,,,Switzerland,-17,
1,Defender,,,,,,,//img.fifa.com/images/flags/4/nga.png,,,38,24,-84,,Leon Balogun,Leon Balogun,635,,389,,,,,Nigeria,-23,
1,Midfielder,,,,,,,//img.fifa.com/images/flags/4/jap.png,,,35,-44,-15,,Genki Haraguchi,Genki Haraguchi,528,,391,,,,,Japan,-24,
1,Forward,,,,,,,//img.fifa.com/images/flags/4/den.png,,,1,-6,-26,,Viktor Fischer,Viktor Fischer,1054,,405,,,,,Denmark,-32,
1,Defender,,,,,,,//img.fifa.com/images/flags/4/cro.png,,,4,-11,-25,,Tin Jedvaj,Tin Jedvaj,975,,406,,,,,Croatia,-32,
1,Midfielder,1,25,27(3),1,Hamburger SV,5,//img.fifa.com/images/flags/4/srb.png,2413,2,205,43,-282,Filip Kostic,Filip Kostic,Filip Kostic,732,64.6,412,183,6.68,,2.2,Serbia,-34,2
1,Forward,0.8,21,9(12),,Schalke 04,3,//img.fifa.com/images/flags/4/sui.png,916,,97,-40,-105,Breel Embolo,Breel Embolo,Breel Embolo,1179,74.3,422,242,6.49,,0.9,Switzerland,-48,4
1,Forward,0.2,30,32(4),12,Barcelona,34,//img.fifa.com/images/flags/4/arg.png,2997,22,2196,106,170,Lionel Messi,Lionel Messi,Lionel Messi,1254,81.2,1,1,8.68,,5.5,Argentina,2472,3
1,Forward,1.3,33,27,5,Real Madrid,26,//img.fifa.com/images/flags/4/por.png,2293,7,1325,40,123,Cristiano Ronaldo,Cristiano Ronaldo,Cristiano Ronaldo,1306,81.6,2,2,7.94,,6.6,Portugal,1489,1
1,Forward,0.4,31,32(1),12,Barcelona,25,//img.fifa.com/images/flags/4/uru.png,2902,5,1055,-10,5,Luis Suarez,Luis Suarez,Luis Suarez,976,76.9,3,3,7.72,,3.7,Uruguay,1050,9
1,Forward,0.5,30,33(1),5,Celta Vigo,22,//img.fifa.com/images/flags/4/esp.png,2938,11,1046,-47,24,Iago Aspas,Iago Aspas,Iago Aspas,1162,78.8,4,7,7.49,,2.8,Spain,1023,9
1,Midfielder,0.4,28,26(1),7,Real Madrid,5,//img.fifa.com/images/flags/4/ger.png,2268,,434,-10,579,Toni Kroos,Toni Kroos,Toni Kroos,1544,93.1,5,8,7.47,,1.5,Germany,1003,4
1,Forward,0.5,27,7(1),2,Atletico Madrid,6,//img.fifa.com/images/flags/4/fra.png,631,3,985,-19,-38,Antoine Griezmann,Antoine Griezmann,Antoine Griezmann,1166,78.8,8,5,7.91,,3.6,France,928,
1,Midfielder,0.7,30,31(4),5,Barcelona,1,//img.fifa.com/images/flags/4/cro.png,2839,,297,155,405,Ivan Rakitic,Ivan Rakitic,Ivan Rakitic,975,90.3,9,34,7.12,,0.8,Croatia,857,4
1,Defender,0.5,29,30(3),8,Barcelona,2,//img.fifa.com/images/flags/4/esp.png,2745,2,279,298,258,Jordi Alba,Jordi Alba,Jordi Alba,1162,86.8,10,18,7.22,,0.5,Spain,835,8
1,Midfielder,0.2,26,21(9),7,Real Madrid,7,//img.fifa.com/images/flags/4/esp.png,1781,3,563,4,136,Isco,Isco,Isco,1162,88.8,15,26,7.16,,1.6,Spain,703,1
1,Defender,3.3,32,26,1,Real Madrid,4,//img.fifa.com/images/flags/4/esp.png,2292,1,197,113,331,Sergio Ramos,Sergio Ramos,Sergio Ramos,1162,90.3,21,40,7.09,2,1.1,Spain,641,7
1,Midfielder,0.3,32,23(3),6,Real Madrid,1,//img.fifa.com/images/flags/4/cro.png,1976,,336,45,259,Luka Modric,Luka Modric,Luka Modric,975,89.9,22,15,7.29,,1.3,Croatia,640,3
1,Midfielder,2.1,26,30,3,Real Madrid,5,//img.fifa.com/images/flags/4/bra.png,2601,1,282,200,148,Casemiro,Casemiro,Casemiro,1384,88.4,24,5,7.49,,1.1,Brazil,631,8
1,Defender,1.9,24,24(1),,Barcelona,1,//img.fifa.com/images/flags/4/fra.png,2189,,93,279,257,Samuel Umtiti,Samuel Umtiti,Samuel Umtiti,1166,91.2,25,49,7.03,,0.4,France,629,7
1,Midfielder,1.6,29,30(1),4,Barcelona,1,//img.fifa.com/images/flags/4/esp.png,2600,,133,124,358,Sergio Busquets,Sergio Busquets,Sergio Busquets,1162,90.5,27,16,7.25,,0.2,Spain,614,8
1,Defender,2.2,31,29(1),,Barcelona,2,//img.fifa.com/images/flags/4/esp.png,2633,,173,182,239,Gerard Pique,Gerard Pique,Gerard Pique,1162,89.4,28,25,7.16,,0.6,Spain,594,9
1,Midfielder,3.8,29,26(1),2,Sevilla,1,//img.fifa.com/images/flags/4/fra.png,2216,1,139,118,310,Steven N'Zonzi,Steven N'Zonzi,Steven N'Zonzi,1166,88,33,95,6.89,,0.8,France,568,2
1,Defender,2.5,32,8,,Atletico Madrid,,//img.fifa.com/images/flags/4/uru.png,720,,28,403,131,Diego Godin,Diego Godin,Diego Godin,976,85.1,34,111,7.19,,0.6,Uruguay,562,
1,Defender,1.9,22,7(1),1,Atletico Madrid,,//img.fifa.com/images/flags/4/fra.png,614,,92,462,-57,Lucas Hernandez,Lucas Hernandez,Lucas Hernandez,1166,81.8,38,156,7.06,,0.4,France,496,1
1,Defender,0.9,32,19(1),2,Atletico Madrid,1,//img.fifa.com/images/flags/4/bra.png,1660,2,120,295,72,Filipe Luis,Filipe Luis,Filipe Luis,1384,83.4,40,9,7.45,,0.3,Brazil,487,4
1,Forward,0.7,31,6,1,Villarreal,2,//img.fifa.com/images/flags/4/col.png,484,,697,-116,-110,Carlos Bacca,Carlos Bacca,Carlos Bacca,989,75.5,43,501,6.6,,2.7,Colombia,471,
1,Midfielder,0.2,26,16(17),7,Real Madrid,4,//img.fifa.com/images/flags/4/esp.png,1670,,391,-26,94,Lucas Vazquez,Lucas Vazquez,Lucas Vazquez,1162,86.7,44,84,6.91,,1,Spain,459,3
1,Defender,1.9,25,27,1,Real Madrid,,//img.fifa.com/images/flags/4/fra.png,2324,1,42,208,187,Raphael Varane,Raphael Varane,Raphael Varane,1166,90.8,48,109,6.85,,0.4,France,437,3
1,Midfielder,0.1,34,25(5),2,Barcelona,1,//img.fifa.com/images/flags/4/esp.png,1843,,236,43,153,Andres Iniesta,Andres Iniesta,Andres Iniesta,1162,88.2,51,87,6.91,,0.5,Spain,431,1
1,Forward,,23,31(3),9,Celta Vigo,5,//img.fifa.com/images/flags/4/den.png,2535,,479,83,-154,Pione Sisto,Pione Sisto,Pione Sisto,1054,84.2,54,69,6.96,,1.5,Denmark,408,2
1,Midfielder,0.4,29,25(6),3,Sevilla,3,//img.fifa.com/images/flags/4/arg.png,2397,,367,-169,210,Ever Banega,Ever Banega,Ever Banega,1254,86.8,55,42,7.08,1,1.2,Argentina,407,9
1,Defender,1.4,28,22(5),,Real Madrid,3,//img.fifa.com/images/flags/4/esp.png,2073,,137,83,119,Nacho,Nacho,Nacho,1162,90.8,69,90,6.9,,0.3,Spain,339,7
1,Forward,3.6,31,32(1),,Girona,21,//img.fifa.com/images/flags/4/uru.png,2723,3,655,-137,-184,Cristhian Stuani,Cristhian Stuani,Cristhian Stuani,976,66.7,73,50,7.03,,2.2,Uruguay,335,8
1,Midfielder,0.6,31,25(4),8,Real Betis,2,//img.fifa.com/images/flags/4/mex.png,2267,2,245,-70,154,Andres Guardado,Andres Guardado,Andres Guardado,1008,86.5,75,83,6.91,,1.1,Mexico,329,7
1,Goalkeeper,0.1,31,27,,Real Madrid,,//img.fifa.com/images/flags/4/crc.png,2430,1,0,182,144,Keylor Navas,Keylor Navas,Keylor Navas,858,76,79,75,6.94,,,Costa Rica,326,1
1,Midfielder,0.5,23,3(3),1,Real Sociedad,1,//img.fifa.com/images/flags/4/bel.png,368,1,328,65,-98,Adnan Januzaj,Adnan Januzaj,Adnan Januzaj,1346,82.4,93,34,7.46,,3.3,Belgium,295,
1,Midfielder,0.3,26,9,3,Atletico Madrid,2,//img.fifa.com/images/flags/4/esp.png,754,,312,-84,68,Koke,Koke,Koke,1162,84.5,94,79,7.26,,1.1,Spain,295,1
1,Midfielder,3.7,30,26(6),3,Deportivo La Coruna,3,//img.fifa.com/images/flags/4/crc.png,2307,1,257,14,-5,Celso Borges,Celso Borges,Celso Borges,858,78.1,102,96,6.89,1,1,Costa Rica,266,3
1,Midfielder,,24,10(11),1,Real Madrid,,//img.fifa.com/images/flags/4/cro.png,989,2,170,2,91,Mateo Kovacic,Mateo Kovacic,Mateo Kovacic,975,93.7,103,159,6.73,,0.4,Croatia,263,2
1,Defender,,,,,,,//img.fifa.com/images/flags/4/bel.png,,,26,105,120,,Thomas Vermaelen,Thomas Vermaelen,1346,,108,,,,,Belgium,251,
1,Defender,1.5,33,10,1,Hebei CFFC,,//img.fifa.com/images/flags/4/arg.png,900,,0,165,81,Javier Mascherano,Javier Mascherano,Javier Mascherano,1254,81.7,109,46,7.03,,1,Argentina,246,4
1,Defender,1.6,31,25(1),1,Sevilla,,//img.fifa.com/images/flags/4/arg.png,2124,1,85,121,29,Gabriel Mercado,Gabriel Mercado,Gabriel Mercado,1254,83.1,117,129,6.8,,0.7,Argentina,235,9
1,Midfielder,3.4,23,25(1),1,Levante,,//img.fifa.com/images/flags/4/col.png,2138,,106,76,43,Jefferson Lerma,Jefferson Lerma,Jefferson Lerma,989,81.7,120,62,6.99,,1,Colombia,226,16
1,Goalkeeper,0.3,23,30,,Athletic Bilbao,,//img.fifa.com/images/flags/4/esp.png,2700,2,0,118,60,Kepa Arrizabalaga,Kepa Arrizabalaga,Kepa Arrizabalaga,1162,62.9,142,135,6.79,,,Spain,178,4
1,Midfielder,0.2,24,11,2,Dalian Yifang,3,//img.fifa.com/images/flags/4/bel.png,990,1,283,4,-118,Yannick Carrasco,Yannick Carrasco,Yannick Carrasco,1346,81.7,152,33,7.16,,3.5,Belgium,168,2
1,Defender,1,26,2(2),,Atletico Madrid,,//img.fifa.com/images/flags/4/cro.png,146,,79,188,-104,Sime Vrsaljko,Sime Vrsaljko,Sime Vrsaljko,975,63.8,157,743,6.13,1,,Croatia,164,1
1,Forward,0.3,29,12,2,Los Angeles FC,7,//img.fifa.com/images/flags/4/mex.png,1080,4,89,58,4,Carlos Vela,Carlos Vela,Carlos Vela,1008,83.4,165,2,7.82,,3.9,Mexico,151,1
1,Midfielder,0.4,30,31(3),2,Eibar,5,//img.fifa.com/images/flags/4/jap.png,2640,2,334,19,-214,Takashi Inui,Takashi Inui,Takashi Inui,528,80.4,175,198,6.64,,1.9,Japan,139,4
1,Midfielder,0.8,29,26(5),4,Getafe,1,//img.fifa.com/images/flags/4/mar.png,2384,1,224,-60,-54,Faycal Fajr,Faycal Fajr,Faycal Fajr,681,75,204,111,6.84,,0.7,Morocco,109,7
1,Defender,0.2,22,6,,Real Sociedad,1,//img.fifa.com/images/flags/4/esp.png,540,,58,-96,129,Alvaro Odriozola,Alvaro Odriozola,Alvaro Odriozola,1162,91.7,226,113,7.18,,0.2,Spain,91,
1,Defender,0.9,25,22(8),4,Girona,,//img.fifa.com/images/flags/4/col.png,2132,1,106,157,-176,Johan Mojica,Johan Mojica,Johan Mojica,989,77.8,229,155,6.74,,0.7,Colombia,87,6
1,Forward,,,,,,,//img.fifa.com/images/flags/4/fra.png,,,188,-63,-39,,Ousmane Dembele,Ousmane Dembele,1166,,234,,,,,France,85,
1,Defender,,,,,,,//img.fifa.com/images/flags/4/mar.png,,,83,15,-22,,Achraf Hakimi,Achraf Hakimi,681,,244,,,,,Morocco,77,
1,Forward,,,,,,,//img.fifa.com/images/flags/4/crc.png,,,70,12,-18,,Joel Campbell,Joel Campbell,858,,255,,,,,Costa Rica,64,
1,Defender,,,,,,,//img.fifa.com/images/flags/4/crc.png,,,14,21,7,,Oscar Duarte,Oscar Duarte,858,,278,,,,,Costa Rica,43,
1,Goalkeeper,,,,,,,//img.fifa.com/images/flags/4/nga.png,,,0,57,-16,,Francis Uzoho,Francis Uzoho,635,,284,,,,,Nigeria,41,
1,Midfielder,,,,,,,//img.fifa.com/images/flags/4/den.png,,,88,-15,-44,,Michael Krohn-Dehli,Michael Krohn-Dehli,1054,,304,,,,,Denmark,29,
1,Defender,,,,,,,//img.fifa.com/images/flags/4/srb.png,,,-3,23,-10,,Antonio Rukavina,Antonio Rukavina,732,,342,,,,,Serbia,11,
1,Midfielder,,27,1(4),1,Villarreal,1,//img.fifa.com/images/flags/4/rus.png,192,,71,-7,-73,Denis Cheryshev,Denis Cheryshev,Denis Cheryshev,493,79.7,384,586,6.49,,0.6,Russia,-9,1
1,Forward,2.6,29,5,1,Atletico Madrid,2,//img.fifa.com/images/flags/4/esp.png,387,1,185,-61,-135,Diego Costa,Diego Costa,Diego Costa,1162,66.7,390,70,7.29,,2.4,Spain,-11,1
1,Midfielder,0.3,26,12(10),,Getafe,1,//img.fifa.com/images/flags/4/jap.png,1004,,65,-10,-79,Gaku Shibasaki,Gaku Shibasaki,Gaku Shibasaki,528,74.7,416,277,6.4,,0.5,Japan,-24,2
1,Goalkeeper,0.4,26,36,,Eibar,,//img.fifa.com/images/flags/4/srb.png,3240,,13,41,-84,Marko Dmitrovic,Marko Dmitrovic,Marko Dmitrovic,732,45.8,428,239,6.54,,,Serbia,-30,1
1,Forward,,,,,,,//img.fifa.com/images/flags/4/swe.png,,,179,-101,-126,,John Guidetti,John Guidetti,889,,459,,,,,Sweden,-48,
1,,,,,,,,//img.fifa.com/images/flags/4/mar.png,,,,,,,,M'bark Boussoufa,681,,,,,,,Morocco,,
1,,,,,,,,//img.fifa.com/images/flags/4/tun.png,,,,,,,,Yassine Meriah,1012,,,,,,,Tunisia,,
1,,,,,,,,//img.fifa.com/images/flags/4/mex.png,,,,,,,,Rafael Marquez,1008,,,,,,,Mexico,,
1,,,,,,,,//img.fifa.com/images/flags/4/ksa.png,,,,,,,,Fahad Al-Muwallad,462,,,,,,,Saudi Arabia,,
1,,,,,,,,//img.fifa.com/images/flags/4/sui.png,,,,,,,,Roman Buerki,1179,,,,,,,Switzerland,,
1,,,,,,,,//img.fifa.com/images/flags/4/ksa.png,,,,,,,,Mohammed Al-Owais,462,,,,,,,Saudi Arabia,,
1,,,,,,,,//img.fifa.com/images/flags/4/egy.png,,,,,,,,Ahmed Elmohamady,636,,,,,,,Egypt,,
1,,,,,,,,//img.fifa.com/images/flags/4/tun.png,,,,,,,,Farouk Ben Mustapha,1012,,,,,,,Tunisia,,
1,,,,,,,,//img.fifa.com/images/flags/4/rus.png,,,,,,,,Fyodor Smolov,493,,,,,,,Russia,,
1,,,,,,,,//img.fifa.com/images/flags/4/per.png,,,,,,,,Pedro Gallese,1106,,,,,,,Peru,,
1,,,,,,,,//img.fifa.com/images/flags/4/per.png,,,,,,,,Christian Ramos,1106,,,,,,,Peru,,
1,,,,,,,,//img.fifa.com/images/flags/4/kor.png,,,,,,,,Cho Hyeonwoo,520,,,,,,,South Korea,,
1,,,,,,,,//img.fifa.com/images/flags/4/irn.png,,,,,,,,Pejman Montazeri,727,,,,,,,Iran,,
1,,2.1,24,15(3),,Spartak Moscow,1,//img.fifa.com/images/flags/4/rus.png,1444,,,,,Ilya Kutepov,,Ilya Kutepov,493,86,,31,7.08,,0.2,Russia,,5
1,,,,,,,,//img.fifa.com/images/flags/4/uru.png,,,,,,,,Jose Maria Gimenez,976,,,,,,,Uruguay,,
1,,,,,,,,//img.fifa.com/images/flags/4/pol.png,,,,,,,,Jakub Blaszczykowski,1128,,,,,,,Poland,,
1,,,,,,,,//img.fifa.com/images/flags/4/ksa.png,,,,,,,,Mohammed Al-Burayk,462,,,,,,,Saudi Arabia,,
1,,,,,,,,//img.fifa.com/images/flags/4/ksa.png,,,,,,,,Mohammad Al-Sahlawi,462,,,,,,,Saudi Arabia,,
1,,,,,,,,//img.fifa.com/images/flags/4/per.png,,,,,,,,Raul Ruidiaz,1106,,,,,,,Peru,,
1,,,,,,,,//img.fifa.com/images/flags/4/kor.png,,,,,,,,Moon Sunmin,520,,,,,,,South Korea,,
1,,,,,,,,//img.fifa.com/images/flags/4/irn.png,,,,,,,,Mohammad Reza Khanzadeh,727,,,,,,,Iran,,
1,,,,,,,,//img.fifa.com/images/flags/4/jap.png,,,,,,,,Tomoaki Makino,528,,,,,,,Japan,,
1,,0.8,22,20(4),,Boca Juniors,4,//img.fifa.com/images/flags/4/uru.png,1887,,,,,Nahitan Nandez,,Nahitan Nandez,976,81.4,,135,6.96,,1.1,Uruguay,,5
1,,4.3,31,31(1),3,Yeni Malatyaspor,12,//img.fifa.com/images/flags/4/mar.png,2713,4,,,,Khalid Boutaib,,Khalid Boutaib,681,67.4,,49,7.05,,1.9,Morocco,,7
1,,,,,,,,//img.fifa.com/images/flags/4/sen.png,,,,,,,,Khadim Ndiaye,825,,,,,,,Senegal,,
1,,,,,,,,//img.fifa.com/images/flags/4/kor.png,,,,,,,,Kim Shinwook,520,,,,,,,South Korea,,
1,,,,,,,,//img.fifa.com/images/flags/4/nga.png,,,,,,,,Elderson Echiejile,635,,,,,,,Nigeria,,
1,,0.9,34,21(6),2,Juventus,,//img.fifa.com/images/flags/4/sui.png,1715,,,,,Stephan Lichtsteiner,,Stephan Lichtsteiner,1179,82.2,,217,6.59,,0.1,Switzerland,,6
1,,1.7,24,28,,FC Rostov,3,//img.fifa.com/images/flags/4/isl.png,2479,4,,,,Sverrir Ingi Ingason,,Sverrir Ingi Ingason,930,76.6,,38,7.03,,0.8,Iceland,,4
1,,0.3,22,6,,FK Crvena Zvezda,1,//img.fifa.com/images/flags/4/srb.png,490,,,,,Nemanja Radonjic,,Nemanja Radonjic,732,65.3,,307,6.84,,2.5,Serbia,,
1,,,,,,,,//img.fifa.com/images/flags/4/per.png,,,,,,,,Andy Polo,1106,,,,,,,Peru,,
1,,,,,,,,//img.fifa.com/images/flags/4/esp.png,,,,,,,,Pepe Reina,1162,,,,,,,Spain,,
1,,,,,,,,//img.fifa.com/images/flags/4/isl.png,,,,,,,,Runar Alex Runarsson,930,,,,,,,Iceland,,
1,,,,,,,,//img.fifa.com/images/flags/4/per.png,,,,,,,,Miguel Araujo,1106,,,,,,,Peru,,
1,,,,,,,,//img.fifa.com/images/flags/4/pan.png,,,,,,,,Alex Rodr,574,,,,,,,Panama,,
1,,,,,,,,//img.fifa.com/images/flags/4/ksa.png,,,,,,,,Omar Othman,462,,,,,,,Saudi Arabia,,
1,,,,,,,,//img.fifa.com/images/flags/4/ksa.png,,,,,,,,Ali Al-Bulaihi,462,,,,,,,Saudi Arabia,,
1,,,,,,,,//img.fifa.com/images/flags/4/crc.png,,,,,,,,Daniel Colindres,858,,,,,,,Costa Rica,,
1,,,,,,,,//img.fifa.com/images/flags/4/mar.png,,,,,,,,Mehdi Benatia,681,,,,,,,Morocco,,
1,,,,,,,,//img.fifa.com/images/flags/4/mar.png,,,,,,,,Mehdi Carcela,681,,,,,,,Morocco,,
1,,,,,,,,//img.fifa.com/images/flags/4/tun.png,,,,,,,,Mohamed Amine Ben Amor,1012,,,,,,,Tunisia,,
1,,,,,,,,//img.fifa.com/images/flags/4/egy.png,,,,,,,,Mahmoud Kahraba,636,,,,,,,Egypt,,
1,,,,,,,,//img.fifa.com/images/flags/4/tun.png,,,,,,,,Moez Hassen,1012,,,,,,,Tunisia,,
1,,,,,,,,//img.fifa.com/images/flags/4/tun.png,,,,,,,,Anice Badri,1012,,,,,,,Tunisia,,
1,,,,,,,,//img.fifa.com/images/flags/4/kor.png,,,,,,,,Hwang Heechan,520,,,,,,,South Korea,,
1,,,,,,,,//img.fifa.com/images/flags/4/ksa.png,,,,,,,,Yasser Al-Shahrani,462,,,,,,,Saudi Arabia,,
1,,1.1,35,12(4),,Karabukspor,1,//img.fifa.com/images/flags/4/isl.png,1128,,,,,Olafur Ingi Skulason,,Olafur Ingi Skulason,930,83.5,,249,6.28,,0.3,Iceland,,4
1,,1.9,31,17(1),,Antalyaspor,1,//img.fifa.com/images/flags/4/sui.png,1515,,,,,Johan Djourou,,Johan Djourou,1179,88.7,,133,6.77,,0.2,Switzerland,,3
1,,,,,,,,//img.fifa.com/images/flags/4/swe.png,,,,,,,,Marcus Berg,889,,,,,,,Sweden,,
1,,,,,,,,//img.fifa.com/images/flags/4/col.png,,,,,,,,Juan Guillermo Cuadrado,989,,,,,,,Colombia,,
1,,2,24,23,,Boca Juniors,1,//img.fifa.com/images/flags/4/col.png,1991,1,,,,Wilmar Barrios,,Wilmar Barrios,989,84.4,,17,7.36,,0.2,Colombia,,6
1,,3,29,4,,Dynamo Kyiv,,//img.fifa.com/images/flags/4/cro.png,350,,,,,Domagoj Vida,,Domagoj Vida,975,80,,175,7.03,,1.3,Croatia,,
1,,,,,,,,//img.fifa.com/images/flags/4/crc.png,,,,,,,,Cristian Gamboa,858,,,,,,,Costa Rica,,
1,,,,,,,,//img.fifa.com/images/flags/4/egy.png,,,,,,,,Marwan Mohsen,636,,,,,,,Egypt,,
1,,,,,,,,//img.fifa.com/images/flags/4/per.png,,,,,,,,Luis Advincula,1106,,,,,,,Peru,,
1,,,,,,,,//img.fifa.com/images/flags/4/nga.png,,,,,,,,Bryan Idowu,635,,,,,,,Nigeria,,
1,,,,,,,,//img.fifa.com/images/flags/4/uru.png,,,,,,,,Maximiliano Gomez,976,,,,,,,Uruguay,,
1,,,,,,,,//img.fifa.com/images/flags/4/mex.png,,,,,,,,Javier Hernandez,1008,,,,,,,Mexico,,
1,,,,,,,,//img.fifa.com/images/flags/4/isl.png,,,,,,,,Rurik Gislason,930,,,,,,,Iceland,,
1,,,,,,,,//img.fifa.com/images/flags/4/isl.png,,,,,,,,Holmar Orn Eyjolfsson,930,,,,,,,Iceland,,
1,,,,,,,,//img.fifa.com/images/flags/4/egy.png,,,,,,,,Ali Gabr,636,,,,,,,Egypt,,
1,,,,,,,,//img.fifa.com/images/flags/4/per.png,,,,,,,,Wilder Cartagena,1106,,,,,,,Peru,,
1,,0.8,24,21(2),2,FK Akhmat,,//img.fifa.com/images/flags/4/irn.png,1921,,,,,Milad Mohammadi,,Milad Mohammadi,727,75.4,,58,6.94,,1.1,Iran,,1
1,,,,,,,,//img.fifa.com/images/flags/4/isl.png,,,,,,,,Frederik Schram,930,,,,,,,Iceland,,
1,,,,,,,,//img.fifa.com/images/flags/4/sen.png,,,,,,,,Kara Mbodji,825,,,,,,,Senegal,,
1,,,,,,,,//img.fifa.com/images/flags/4/per.png,,,,,,,,Pedro Aquino,1106,,,,,,,Peru,,
1,,,,,,,,//img.fifa.com/images/flags/4/jap.png,,,,,,,,Naomichi Ueda,528,,,,,,,Japan,,
1,,0.2,26,5,1,Rijeka,,//img.fifa.com/images/flags/4/cro.png,450,,,,,Filip Bradaric,,Filip Bradaric,975,83.5,,538,6.56,,0.8,Croatia,,2
1,,,,,,,,//img.fifa.com/images/flags/4/irn.png,,,,,,,,Mahdi Taremi,727,,,,,,,Iran,,
1,,,,,,,,//img.fifa.com/images/flags/4/crc.png,,,,,,,,Ian Smith,858,,,,,,,Costa Rica,,
1,,,,,,,,//img.fifa.com/images/flags/4/tun.png,,,,,,,,Ghaylene Chaalali,1012,,,,,,,Tunisia,,
1,,,,,,,,//img.fifa.com/images/flags/4/kor.png,,,,,,,,Jeong Wooyoung,520,,,,,,,South Korea,,
1,,,,,,,,//img.fifa.com/images/flags/4/isl.png,,,,,,,,Hordur Magnusson,930,,,,,,,Iceland,,
1,,,,,,,,//img.fifa.com/images/flags/4/tun.png,,,,,,,,Fakhreddine Ben Youssef,1012,,,,,,,Tunisia,,
1,,0.5,30,4,,Hapoel Beer Sheva,,//img.fifa.com/images/flags/4/nga.png,256,,,,,John Ogu,,John Ogu,635,84.2,,400,6.71,,1,Nigeria,,
1,,5,31,19(7),1,St. Pauli,4,//img.fifa.com/images/flags/4/mar.png,1798,1,,,,Aziz Bouhaddouz,,Aziz Bouhaddouz,681,60.7,,164,6.73,1,2.4,Morocco,,4
1,,,,,,,,//img.fifa.com/images/flags/4/sui.png,,,,,,,,Fabian Schaer,1179,,,,,,,Switzerland,,
1,,,,,,,,//img.fifa.com/images/flags/4/crc.png,,,,,,,,David Guzman,858,,,,,,,Costa Rica,,
1,,,,,,,,//img.fifa.com/images/flags/4/nga.png,,,,,,,,Daniel Akpeyi,635,,,,,,,Nigeria,,
1,,,,,,,,//img.fifa.com/images/flags/4/col.png,,,,,,,,Camilo Vargas,989,,,,,,,Colombia,,
1,,,,,,,,//img.fifa.com/images/flags/4/sui.png,,,,,,,,Jacques-Francois Moubandje,1179,,,,,,,Switzerland,,
1,,3.1,21,13,2,Salzburg,,//img.fifa.com/images/flags/4/cro.png,1200,,,,,Duje Caleta-Car,,Duje Caleta-Car,975,82.6,,297,6.86,,0.5,Croatia,,5
1,,,,,,,,//img.fifa.com/images/flags/4/irn.png,,,,,,,,Masoud Shojaei,727,,,,,,,Iran,,
1,,,,,,,,//img.fifa.com/images/flags/4/swe.png,,,,,,,,Kristoffer Nordfeldt,889,,,,,,,Sweden,,
1,,,,,,,,//img.fifa.com/images/flags/4/per.png,,,,,,,,Nilson Loyola,1106,,,,,,,Peru,,
1,,,,,,,,//img.fifa.com/images/flags/4/den.png,,,,,,,,Frederik Ronow,1054,,,,,,,Denmark,,
1,,,,,,,,//img.fifa.com/images/flags/4/kor.png,,,,,,,,Kim Jinhyeon,520,,,,,,,South Korea,,
1,,,,,,,,//img.fifa.com/images/flags/4/bra.png,,,,,,,,Taison,1384,,,,,,,Brazil,,
1,,,28,6,,FC Copenhagen,,//img.fifa.com/images/flags/4/swe.png,540,,,,,Robin Olsen,,Robin Olsen,889,62.9,,270,6.9,,,Sweden,,
1,,,,,,,,//img.fifa.com/images/flags/4/ksa.png,,,,,,,,Abdulmalek Alkhaibri,462,,,,,,,Saudi Arabia,,
1,,,,,,,,//img.fifa.com/images/flags/4/irn.png,,,,,,,,Ehsan Hajsafi,727,,,,,,,Iran,,
1,,,,,,,,//img.fifa.com/images/flags/4/col.png,,,,,,,,Radamel Falcao Garcia,989,,,,,,,Colombia,,
1,,,,,,,,//img.fifa.com/images/flags/4/sen.png,,,,,,,,Pape Alioune Ndiaye,825,,,,,,,Senegal,,
1,,,,,,,,//img.fifa.com/images/flags/4/crc.png,,,,,,,,Leonel Moreira,858,,,,,,,Costa Rica,,
1,,,,,,,,//img.fifa.com/images/flags/4/kor.png,,,,,,,,Lee Seungwoo,520,,,,,,,South Korea,,
1,,0.4,31,14,,River Plate,,//img.fifa.com/images/flags/4/arg.png,1260,,,,,Franco Armani,,Franco Armani,1254,62.3,,64,7.11,,,Argentina,,
1,,,,,,,,//img.fifa.com/images/flags/4/tun.png,,,,,,,,Ferjani Sassi,1012,,,,,,,Tunisia,,
1,,,,,,,,//img.fifa.com/images/flags/4/jap.png,,,,,,,,Masaaki Higashiguchi,528,,,,,,,Japan,,
1,,,,,,,,//img.fifa.com/images/flags/4/tun.png,,,,,,,,Dylan Bronn,1012,,,,,,,Tunisia,,
1,,,,,,,,//img.fifa.com/images/flags/4/ksa.png,,,,,,,,Mansoor Al-Harbi,462,,,,,,,Saudi Arabia,,
1,,,,,,,,//img.fifa.com/images/flags/4/crc.png,,,,,,,,Randall Azofeifa,858,,,,,,,Costa Rica,,
1,,0.3,30,9,5,Beijing Guoan,2,//img.fifa.com/images/flags/4/bra.png,810,4,,,,Renato Augusto,,Renato Augusto,1384,81.7,,3,8.15,,1.6,Brazil,,1
1,,,,,,,,//img.fifa.com/images/flags/4/aus.png,,,,,,,,Trent Sainsbury,700,,,,,,,Australia,,
1,,,,,,,,//img.fifa.com/images/flags/4/kor.png,,,,,,,,Kim Minwoo,520,,,,,,,South Korea,,
1,,,,,,,,//img.fifa.com/images/flags/4/crc.png,,,,,,,,Johnny Acosta,858,,,,,,,Costa Rica,,
1,,0.6,29,29(1),5,Bochum,7,//img.fifa.com/images/flags/4/aus.png,2558,3,,,,Robbie Kruse,,Robbie Kruse,700,77.1,,106,6.89,,1.4,Australia,,3
1,,1.2,24,11(1),,Independiente,1,//img.fifa.com/images/flags/4/uru.png,1015,1,,,,Gaston Silva,,Gaston Silva,976,86.2,,29,7.25,,0.6,Uruguay,,2
1,,,,,,,,//img.fifa.com/images/flags/4/crc.png,,,,,,,,Patrick Pemberton,858,,,,,,,Costa Rica,,
1,,,,,,,,//img.fifa.com/images/flags/4/tun.png,,,,,,,,Hamdi Nagguez,1012,,,,,,,Tunisia,,
1,,0.3,19,18(1),1,Liverpool,1,//img.fifa.com/images/flags/4/eng.png,1576,,,,,Trent Alexander-Arnold,,Trent Alexander-Arnold,1040,77.3,,63,7.02,,0.6,United Kingdom,,3
1,,0.1,26,37,,Barcelona,,//img.fifa.com/images/flags/4/ger.png,3330,,,,,Marc-Andre ter Stegen,,Marc-Andre ter Stegen,1544,79.5,,89,6.9,,,Germany,,
1,,0.6,24,8,3,Oestersunds FK,2,//img.fifa.com/images/flags/4/irn.png,720,2,,,,Saman Ghoddos,,Saman Ghoddos,727,79.8,,28,7.5,,2.9,Iran,,
1,,,,,,,,//img.fifa.com/images/flags/4/kor.png,,,,,,,,Koo Jacheol,520,,,,,,,South Korea,,
1,,,,,,,,//img.fifa.com/images/flags/4/col.png,,,,,,,,Mateus Uribe,989,,,,,,,Colombia,,
1,,0.6,23,31,6,Kasimpasa,13,//img.fifa.com/images/flags/4/egy.png,2652,8,,,,Trezeguet,,Trezeguet,636,76.7,,2,7.53,1,2.1,Egypt,,4
1,,,,,,,,//img.fifa.com/images/flags/4/egy.png,,,,,,,,Mohamed Abdel-Shafy,636,,,,,,,Egypt,,
1,,0.3,36,30,,Goztepe,,//img.fifa.com/images/flags/4/por.png,2656,3,,,,Beto,,Beto,1306,66.1,,80,6.91,,,Portugal,,5
1,,,,,,,,//img.fifa.com/images/flags/4/kor.png,,,,,,,,Yun Yeongseon,520,,,,,,,South Korea,,
1,,,,,,,,//img.fifa.com/images/flags/4/ksa.png,,,,,,,,Yahia Al-Shehri,462,,,,,,,Saudi Arabia,,
1,,2.6,25,12,,Minnesota United,,//img.fifa.com/images/flags/4/crc.png,1080,,,,,Francisco Calvo,,Francisco Calvo,858,83.1,,169,6.78,,0.8,Costa Rica,,4
1,,,,,,,,//img.fifa.com/images/flags/4/tun.png,,,,,,,,Rami Bedoui,1012,,,,,,,Tunisia,,
1,,,,,,,,//img.fifa.com/images/flags/4/rus.png,,,,,,,,Aleksandr Yerokhin,493,,,,,,,Russia,,
1,,,,,,,,//img.fifa.com/images/flags/4/ksa.png,,,,,,,,Salman Al-Faraj,462,,,,,,,Saudi Arabia,,
1,,,,,,,,//img.fifa.com/images/flags/4/egy.png,,,,,,,,Mohamed El-Shennawy,636,,,,,,,Egypt,,
1,,,,,,,,//img.fifa.com/images/flags/4/uru.png,,,,,,,,Guillermo Varela,976,,,,,,,Uruguay,,
1,,,,,,,,//img.fifa.com/images/flags/4/ksa.png,,,,,,,,Taiseer Al-Jassam,462,,,,,,,Saudi Arabia,,
1,,,,,,,,//img.fifa.com/images/flags/4/sen.png,,,,,,,,Kalidou Kalidou,825,,,,,,,Senegal,,
1,,,35,5,,Vasco da Gama,,//img.fifa.com/images/flags/4/uru.png,450,,,,,Martin Silva,,Martin Silva,976,65,,280,6.22,,,Uruguay,,
1,,,,,,,,//img.fifa.com/images/flags/4/bel.png,,,,,,,,Leander Dendoncker,1346,,,,,,,Belgium,,
1,,,,,,,,//img.fifa.com/images/flags/4/ksa.png,,,,,,,,Abdullah Al-Mayuf,462,,,,,,,Saudi Arabia,,
1,,,,,,,,//img.fifa.com/images/flags/4/mar.png,,,,,,,,Yassine Bounou,681,,,,,,,Morocco,,
1,,,,,,,,//img.fifa.com/images/flags/4/ksa.png,,,,,,,,Hatan Bahbir,462,,,,,,,Saudi Arabia,,
1,,,,,,,,//img.fifa.com/images/flags/4/esp.png,,,,,,,,Dani Carvajal,1162,,,,,,,Spain,,
1,,,,,,,,//img.fifa.com/images/flags/4/irn.png,,,,,,,,Omid Ebrahimi,727,,,,,,,Iran,,
1,,0.9,21,25(2),,Caen,,//img.fifa.com/images/flags/4/mar.png,2054,,,,,Youssef Ait Bennasser,,Youssef Ait Bennasser,681,83.2,,181,6.72,,0.9,Morocco,,4
1,,,,,,,,//img.fifa.com/images/flags/4/egy.png,,,,,,,,Essam El Hadary,636,,,,,,,Egypt,,
1,,,,,,,,//img.fifa.com/images/flags/4/irn.png,,,,,,,,Vahid Amiri,727,,,,,,,Iran,,
1,,0.3,22,6,,Maccabi Tel Aviv,,//img.fifa.com/images/flags/4/srb.png,540,1,,,,Predrag Rajkovic,,Predrag Rajkovic,732,64,,675,6.33,,,Serbia,,
1,,,,,,,,//img.fifa.com/images/flags/4/ksa.png,,,,,,,,Salem Al-Dawsari,462,,,,,,,Saudi Arabia,,
1,,,,,,,,//img.fifa.com/images/flags/4/nga.png,,,,,,,,Simeon Nwankwo,635,,,,,,,Nigeria,,
1,,,,,,,,//img.fifa.com/images/flags/4/esp.png,,,,,,,,Saul Niquez,1162,,,,,,,Spain,,
1,,,,,,,,//img.fifa.com/images/flags/4/per.png,,,,,,,,Yoshimar Yotun,1106,,,,,,,Peru,,
1,,,,,,,,//img.fifa.com/images/flags/4/irn.png,,,,,,,,Morteza Pouraliganji,727,,,,,,,Iran,,
1,,,,,,,,//img.fifa.com/images/flags/4/isl.png,,,,,,,,Bjorn Bergmann Sigurdarson,930,,,,,,,Iceland,,
1,,,,,,,,//img.fifa.com/images/flags/4/rus.png,,,,,,,,Yuri Gazinsky,493,,,,,,,Russia,,
1,,,,,,,,//img.fifa.com/images/flags/4/kor.png,,,,,,,,Lee Jaesung,520,,,,,,,South Korea,,
1,,,,,,,,//img.fifa.com/images/flags/4/per.png,,,,,,,,Anderson Santamaria,1106,,,,,,,Peru,,
1,,,,,,,,//img.fifa.com/images/flags/4/tun.png,,,,,,,,Saifeddine Khaoui,1012,,,,,,,Tunisia,,
1,,,,,,,,//img.fifa.com/images/flags/4/mar.png,,,,,,,,Manuel Da Costa,681,,,,,,,Morocco,,
1,,,,,,,,//img.fifa.com/images/flags/4/nga.png,,,,,,,,Ikechukwu Ezenwa,635,,,,,,,Nigeria,,
1,,,,,,,,//img.fifa.com/images/flags/4/mex.png,,,,,,,,Edson Alvarez,1008,,,,,,,Mexico,,
1,,,,,,,,//img.fifa.com/images/flags/4/per.png,,,,,,,,Alberto Rodriguez,1106,,,,,,,Peru,,
1,,,,,,,,//img.fifa.com/images/flags/4/arg.png,,,,,,,,Nahuel Guzm,1254,,,,,,,Argentina,,
1,,,,,,,,//img.fifa.com/images/flags/4/crc.png,,,,,,,,Marco Urena,858,,,,,,,Costa Rica,,
1,,,,,,,,//img.fifa.com/images/flags/4/sen.png,,,,,,,,Diao Keita Balde,825,,,,,,,Senegal,,
1,,,,,,,,//img.fifa.com/images/flags/4/den.png,,,,,,,,Jens Stryger,1054,,,,,,,Denmark,,
1,,,,,,,,//img.fifa.com/images/flags/4/irn.png,,,,,,,,Roozbeh Cheshmi,727,,,,,,,Iran,,
1,,2,29,24(2),,Kasimpasa,1,//img.fifa.com/images/flags/4/tun.png,2146,1,,,,Syam Ben Youssef,,Syam Ben Youssef,1012,84.6,,138,6.75,,0.3,Tunisia,,7
1,,,,,,,,//img.fifa.com/images/flags/4/egy.png,,,,,,,,Sam Morsy,636,,,,,,,Egypt,,
1,,,,,,,,//img.fifa.com/images/flags/4/per.png,,,,,,,,Miguel Trauco,1106,,,,,,,Peru,,
1,,,,,,,,//img.fifa.com/images/flags/4/den.png,,,,,,,,Mathias Jorgensen,1054,,,,,,,Denmark,,
1,,,,,,,,//img.fifa.com/images/flags/4/col.png,,,,,,,,Abel Aguilar,989,,,,,,,Colombia,,
1,,,,,,,,//img.fifa.com/images/flags/4/pol.png,,,,,,,,Kamil Goricki,1128,,,,,,,Poland,,
1,,3.2,27,6,1,FK Crvena Zvezda,,//img.fifa.com/images/flags/4/srb.png,530,1,,,,Milan Rodic,,Milan Rodic,732,73.2,,201,7,1,0.8,Serbia,,1
1,,1.6,34,7,2,Zenit St. Petersburg,3,//img.fifa.com/images/flags/4/srb.png,615,1,,,,Branislav Ivanovic,,Branislav Ivanovic,732,81.8,,40,7.42,,0.7,Serbia,,
1,,,,,,,,//img.fifa.com/images/flags/4/col.png,,,,,,,,Luis Fernando Muriel,989,,,,,,,Colombia,,
1,,,,,,,,//img.fifa.com/images/flags/4/tun.png,,,,,,,,Yohan Benalouane,1012,,,,,,,Tunisia,,
1,,,,,,,,//img.fifa.com/images/flags/4/jap.png,,,,,,,,Gen Shoji,528,,,,,,,Japan,,
1,,,,,,,,//img.fifa.com/images/flags/4/mar.png,,,,,,,,Ayoub El Kaabi,681,,,,,,,Morocco,,
1,,,,,,,,//img.fifa.com/images/flags/4/kor.png,,,,,,,,Hong Chul,520,,,,,,,South Korea,,
1,,,,,,,,//img.fifa.com/images/flags/4/nga.png,,,,,,,,Abdullahi Shehu,635,,,,,,,Nigeria,,
1,,0.6,28,28(2),8,Galatasaray,3,//img.fifa.com/images/flags/4/mar.png,2445,2,,,,Younes Belhanda,,Younes Belhanda,681,80.2,,7,7.39,2,1.3,Morocco,,4
1,,,,,,,,//img.fifa.com/images/flags/4/irn.png,,,,,,,,Karim Ansarifard,727,,,,,,,Iran,,
1,,,,,,,,//img.fifa.com/images/flags/4/irn.png,,,,,,,,Ramin Rezaeian,727,,,,,,,Iran,,
1,,,,,,,,//img.fifa.com/images/flags/4/egy.png,,,,,,,,Amr Warda,636,,,,,,,Egypt,,
1,,1.2,27,32(3),8,Burnley,2,//img.fifa.com/images/flags/4/isl.png,2840,,,,,Johann Berg Gudmundsson,,Johann Berg Gudmundsson,930,73.7,,60,7.02,,1.5,Iceland,,2
1,,1.2,33,8(1),1,Lokomotiv Moscow,4,//img.fifa.com/images/flags/4/per.png,583,,,,,Jefferson Farfan,,Jefferson Farfan,1106,83,,180,7.02,,2.1,Peru,,
1,,,,,,,,//img.fifa.com/images/flags/4/kor.png,,,,,,,,Son Heungmin,520,,,,,,,South Korea,,
1,,,,,,,,//img.fifa.com/images/flags/4/mar.png,,,,,,,,Ahmad Reda Tagnaouti,681,,,,,,,Morocco,,
1,,,,,,,,//img.fifa.com/images/flags/4/ksa.png,,,,,,,,Motaz Hawsawi,462,,,,,,,Saudi Arabia,,
1,,,,,,,,//img.fifa.com/images/flags/4/aus.png,,,,,,,,Mark Milligan,700,,,,,,,Australia,,
1,,,,,,,,//img.fifa.com/images/flags/4/jap.png,,,,,,,,Kosuke Nakamura,528,,,,,,,Japan,,
1,,,,,,,,//img.fifa.com/images/flags/4/srb.png,,,,,,,,Uros Spajic,732,,,,,,,Serbia,,
1,,,,,,,,//img.fifa.com/images/flags/4/isl.png,,,,,,,,Samuel Fridjonsson,930,,,,,,,Iceland,,
1,,,,,,,,//img.fifa.com/images/flags/4/pol.png,,,,,,,,Lukasz Teodorczyk,1128,,,,,,,Poland,,
1,,,,,,,,//img.fifa.com/images/flags/4/kor.png,,,,,,,,Ki Sungyueng,520,,,,,,,South Korea,,
1,,,,,,,,//img.fifa.com/images/flags/4/egy.png,,,,,,,,Mahmoud Elwensh,636,,,,,,,Egypt,,
1,,,,,,,,//img.fifa.com/images/flags/4/uru.png,,,,,,,,Jonathan Urretaviscaya,976,,,,,,,Uruguay,,
1,,,,,,,,//img.fifa.com/images/flags/4/irn.png,,,,,,,,Seyed Majid Hosseini,727,,,,,,,Iran,,
1,,0.3,29,23,,Independiente,,//img.fifa.com/images/flags/4/uru.png,2070,,,,,Martin Campana,,Martin Campana,976,65.2,,327,6.65,,,Uruguay,,1
1,,,,,,,,//img.fifa.com/images/flags/4/srb.png,,,,,,,,Aleksandar Prijovic,732,,,,,,,Serbia,,
1,,0.1,28,7(1),,LA Galaxy,1,//img.fifa.com/images/flags/4/mex.png,622,,,,,Jonathan dos Santos,,Jonathan dos Santos,1008,88,,137,6.88,,0.6,Mexico,,2
1,,,,,,,,//img.fifa.com/images/flags/4/kor.png,,,,,,,,Go Yohan,520,,,,,,,South Korea,,
1,,,,,,,,//img.fifa.com/images/flags/4/sen.png,,,,,,,,Moussa Wague,825,,,,,,,Senegal,,
1,,0.4,24,3(2),2,Cruzeiro,1,//img.fifa.com/images/flags/4/uru.png,344,2,,,,Giorgian de Arrascaeta,,Giorgian De Arrascaeta,976,76.4,,15,7.44,,3.6,Uruguay,,1
1,,,,,,,,//img.fifa.com/images/flags/4/isl.png,,,,,,,,Arnor Ingvi Traustason,930,,,,,,,Iceland,,
1,,,,,,,,//img.fifa.com/images/flags/4/egy.png,,,,,,,,Saad Samir,636,,,,,,,Egypt,,
1,,,,,,,,//img.fifa.com/images/flags/4/jap.png,,,,,,,,Hotaru Yamaguchi,528,,,,,,,Japan,,
1,,2.1,24,26(1),,Bursaspor,2,//img.fifa.com/images/flags/4/nga.png,2286,,,,,William Troost-Ekong,,William Troost-Ekong,635,81.5,,165,6.67,1,0.7,Nigeria,,
1,,,,,,,,//img.fifa.com/images/flags/4/jap.png,,,,,,,,Wataru Endo,528,,,,,,,Japan,,
1,,,,,,,,//img.fifa.com/images/flags/4/tun.png,,,,,,,,Ahmed Khalil,1012,,,,,,,Tunisia,,
1,,,,,,,,//img.fifa.com/images/flags/4/egy.png,,,,,,,,Ahmed Fathi,636,,,,,,,Egypt,,
1,,,,,,,,//img.fifa.com/images/flags/4/cro.png,,,,,,,,Dominik Livakovic,975,,,,,,,Croatia,,
1,,,,,,,,//img.fifa.com/images/flags/4/ksa.png,,,,,,,,Abdullah Alkhaibari,462,,,,,,,Saudi Arabia,,
1,,,,,,,,//img.fifa.com/images/flags/4/kor.png,,,,,,,,Park Jooho,520,,,,,,,South Korea,,
1,,,,,,,,//img.fifa.com/images/flags/4/pan.png,,,,,,,,Jose Calderon,574,,,,,,,Panama,,
1,,,,,,,,//img.fifa.com/images/flags/4/kor.png,,,,,,,,Lee Yong,520,,,,,,,South Korea,,
1,,,,,,,,//img.fifa.com/images/flags/4/col.png,,,,,,,,Oscar Murillo,989,,,,,,,Colombia,,
1,,0.4,22,8(2),1,Lokomotiv Moscow,1,//img.fifa.com/images/flags/4/rus.png,690,,,,,Anton Miranchuk,,Anton Miranchuk,493,80.5,,561,6.53,,1.1,Russia,,1
1,,,,,,,,//img.fifa.com/images/flags/4/kor.png,,,,,,,,Jang Hyunsoo,520,,,,,,,South Korea,,
1,,3.7,21,12(3),,Amkar,1,//img.fifa.com/images/flags/4/irn.png,996,1,,,,Saeid Ezatolahi,,Saeid Ezatolahi,727,67.6,,46,6.99,,1.4,Iran,,4
1,,2.1,26,17(2),4,Independiente,3,//img.fifa.com/images/flags/4/arg.png,1539,,,,,Maximiliano Meza,,Maximiliano Meza,1254,76.5,,21,7.3,,2.5,Argentina,,1
1,,,,,,,,//img.fifa.com/images/flags/4/aus.png,,,,,,,,Milos Degenek,700,,,,,,,Australia,,
1,,,,,,,,//img.fifa.com/images/flags/4/bra.png,,,,,,,,Philippe Coutinho,1384,,,,,,,Brazil,,
1,,,,,,,,//img.fifa.com/images/flags/4/crc.png,,,,,,,,Yeltsin Tejeda,858,,,,,,,Costa Rica,,
1,,,,,,,,//img.fifa.com/images/flags/4/per.png,,,,,,,,Jose Carvallo,1106,,,,,,,Peru,,
1,,,,,,,,//img.fifa.com/images/flags/4/sui.png,,,,,,,,Michael Lang,1179,,,,,,,Switzerland,,
1,,0.1,25,6(1),,Ludogorets Razgrad,,//img.fifa.com/images/flags/4/pol.png,485,1,,,,Jacek Goralski,,Jacek Goralski,1128,86.6,,181,7.01,,0.3,Poland,,1
1,,,,,,,,//img.fifa.com/images/flags/4/egy.png,,,,,,,,Omar Gaber,636,,,,,,,Egypt,,
1,,,,,,,,//img.fifa.com/images/flags/4/jap.png,,,,,,,,Keisuke Honda,528,,,,,,,Japan,,
1,,,,,,,,//img.fifa.com/images/flags/4/per.png,,,,,,,,Edison Flores,1106,,,,,,,Peru,,
1,,,,,,,,//img.fifa.com/images/flags/4/kor.png,,,,,,,,Ju Sejong,520,,,,,,,South Korea,,
1,,,,,,,,//img.fifa.com/images/flags/4/ksa.png,,,,,,,,Osama Hawsawi,462,,,,,,,Saudi Arabia,,
1,,,,,,,,//img.fifa.com/images/flags/4/isl.png,,,,,,,,Ari Freyr Skulason,930,,,,,,,Iceland,,
1,,,,,,,,//img.fifa.com/images/flags/4/swe.png,,,,,,,,Mikael Lustig,889,,,,,,,Sweden,,
1,,,,,,,,//img.fifa.com/images/flags/4/pol.png,,,,,,,,Slawomir Peszko,1128,,,,,,,Poland,,
1,,1,28,11,,Changchun Yatai,7,//img.fifa.com/images/flags/4/nga.png,990,2,,,,Odion Ighalo,,Odion Ighalo,635,72.8,,36,7.12,,3.5,Nigeria,,3
1,,,,,,,,//img.fifa.com/images/flags/4/tun.png,,,,,,,,Ali Maaloul,1012,,,,,,,Tunisia,,
1,,0.3,26,14(14),3,Fortuna Duesseldorf,8,//img.fifa.com/images/flags/4/jap.png,1389,2,,,,Takashi Usami,,Takashi Usami,528,78.4,,103,6.89,,1.3,Japan,,
1,,0.9,26,28(2),6,FC Krasnodar,10,//img.fifa.com/images/flags/4/swe.png,2490,4,,,,Viktor Claesson,,Viktor Claesson,889,80.4,,23,7.12,,2.3,Sweden,,1
1,,,,,,,,//img.fifa.com/images/flags/4/egy.png,,,,,,,,Sherif Ekramy,636,,,,,,,Egypt,,
1,,,,,,,,//img.fifa.com/images/flags/4/arg.png,,,,,,,,Gio Lo Celso,1254,,,,,,,Argentina,,
1,,,,,,,,//img.fifa.com/images/flags/4/arg.png,,,,,,,,Nahuel Guzm?�n,1254,,,,,,,Argentina,,
1,,,,,,,,//img.fifa.com/images/flags/4/isl.png,,,,,,,,Hannes Thor Halldorsson,930,,,,,,,Iceland,,
1,,,,,,,,//img.fifa.com/images/flags/4/col.png,,,,,,,,Jose Fernando Cuadrado,989,,,,,,,Colombia,,
1,,1.8,29,8,,Dynamo Kyiv,,//img.fifa.com/images/flags/4/cro.png,720,,,,,Josip Pivaric,,Josip Pivaric,975,74.9,,362,6.75,,0.6,Croatia,,1
1,,,,,,,,//img.fifa.com/images/flags/4/isl.png,,,,,,,,Birkir Mar Saevarsson,930,,,,,,,Iceland,,
1,,,,,,,,//img.fifa.com/images/flags/4/uru.png,,,,,,,,Cristian Rodriguez,976,,,,,,,Uruguay,,
1,,,,,,,,//img.fifa.com/images/flags/4/jap.png,,,,,,,,Ryota Oshima,528,,,,,,,Japan,,
1,,,,,,,,//img.fifa.com/images/flags/4/aus.png,,,,,,,,Tom Rogic,700,,,,,,,Australia,,
1,,,,,,,,//img.fifa.com/images/flags/4/col.png,,,,,,,,Juan Fernando Quintero,989,,,,,,,Colombia,,
1,,,,,,,,//img.fifa.com/images/flags/4/kor.png,,,,,,,,Kim Seunggyu,520,,,,,,,South Korea,,
1,,,,,,,,//img.fifa.com/images/flags/4/aus.png,,,,,,,,Tomi Juric,700,,,,,,,Australia,,
1,,,,,,,,//img.fifa.com/images/flags/4/per.png,,,,,,,,Aldo Corzo,1106,,,,,,,Peru,,
1,,,,,,,,//img.fifa.com/images/flags/4/ksa.png,,,,,,,,Muhannad Assiri,462,,,,,,,Saudi Arabia,,
1,,,,,,,,//img.fifa.com/images/flags/4/kor.png,,,,,,,,Oh Bansuk,520,,,,,,,South Korea,,
1,,,,,,,,//img.fifa.com/images/flags/4/esp.png,,,,,,,,Marcio Asensio,1162,,,,,,,Spain,,
1,,,,,,,,//img.fifa.com/images/flags/4/uru.png,,,,,,,,Maximiliano Pereira,976,,,,,,,Uruguay,,
1,,1,28,4,,Rijeka,3,//img.fifa.com/images/flags/4/sui.png,311,1,,,,Mario Gavranovic,,Mario Gavranovic,1179,61.7,,82,7.24,,1,Switzerland,,2
1,,,,,,,,//img.fifa.com/images/flags/4/tun.png,,,,,,,,Saber Khalifa,1012,,,,,,,Tunisia,,
1,,,,,,,,//img.fifa.com/images/flags/4/den.png,,,,,,,,Nicolai Jorgensen,1054,,,,,,,Denmark,,
1,,,,,,,,//img.fifa.com/images/flags/4/rus.png,,,,,,,,Andrei Semyonov,493,,,,,,,Russia,,
1,,,,,,,,//img.fifa.com/images/flags/4/egy.png,,,,,,,,Mahmoud Shikabala,636,,,,,,,Egypt,,
1,,,,,,,,//img.fifa.com/images/flags/4/ksa.png,,,,,,,,Abdullah Otayf,462,,,,,,,Saudi Arabia,,
1,,0.9,34,8,,Partizan Belgrade,,//img.fifa.com/images/flags/4/srb.png,720,,,,,Vladimir Stojkovic,,Vladimir Stojkovic,732,44.4,,366,6.75,,,Serbia,,
1,,,,,,,,//img.fifa.com/images/flags/4/pol.png,,,,,,,,Michal Pazdan,1128,,,,,,,Poland,,
1,,,,,,,,//img.fifa.com/images/flags/4/bel.png,,,,,,,,Dedryck Boyata,1346,,,,,,,Belgium,,
1,,,,,,,,//img.fifa.com/images/flags/4/swe.png,,,,,,,,Isaac Kiese Thelin,889,,,,,,,Sweden,,
1,,,,,,,,//img.fifa.com/images/flags/4/irn.png,,,,,,,,Mehdi Torabi,727,,,,,,,Iran,,
1,,1.6,33,6(1),,FC Copenhagen,,//img.fifa.com/images/flags/4/den.png,500,,,,,William Kvist,,William Kvist,1054,84.8,,453,6.65,,0.7,Denmark,,1
1,,,,,,,,//img.fifa.com/images/flags/4/irn.png,,,,,,,,Rashid Mazaheri,727,,,,,,,Iran,,
1,,1.9,31,9,,Seattle Sounders FC,1,//img.fifa.com/images/flags/4/swe.png,810,,,,,Gustav Svensson,,Gustav Svensson,889,85.5,,59,7.11,,0.8,Sweden,,1
1,,,,,,,,//img.fifa.com/images/flags/4/tun.png,,,,,,,,Aymen Mathlouthi,1012,,,,,,,Tunisia,,
1,,,,,,,,//img.fifa.com/images/flags/4/ksa.png,,,,,,,,Hussain Al-Moqahwi,462,,,,,,,Saudi Arabia,,
1,,,,,,,,//img.fifa.com/images/flags/4/egy.png,,,,,,,,Ayman Ashraf,636,,,,,,,Egypt,,
1,,,,,,,,//img.fifa.com/images/flags/4/egy.png,,,,,,,,Tarek Hamed,636,,,,,,,Egypt,,
1,,,,,,,,//img.fifa.com/images/flags/4/kor.png,,,,,,,,Jeong Seunghyeon,520,,,,,,,South Korea,,
1,,,,,,,,//img.fifa.com/images/flags/4/rus.png,,,,,,,,Artyom Dzyuba,493,,,,,,,Russia,,
1,,,,,,,,//img.fifa.com/images/flags/4/mar.png,,,,,,,,Mounir El Kajoui,681,,,,,,,Morocco,,
1,,,,,,,,//img.fifa.com/images/flags/4/rus.png,,,,,,,,Aleksei Miranchuk,493,,,,,,,Russia,,
1,,,,,,,,//img.fifa.com/images/flags/4/sen.png,,,,,,,,Alfred Ndiaye,825,,,,,,,Senegal,,
1,,,,,,,,//img.fifa.com/images/flags/4/kor.png,,,,,,,,Kim Younggwon,520,,,,,,,South Korea,,
1,,,,,,,,//img.fifa.com/images/flags/4/egy.png,,,,,,,,Abdallah Said,636,,,,,,,Egypt,,
1,,,,,,,,//img.fifa.com/images/flags/4/mex.png,,,,,,,,Guillermo Ochoa,1008,,,,,,,Mexico,,
1,,,,,,,,//img.fifa.com/images/flags/4/ksa.png,,,,,,,,Yasser Al-Musailem,462,,,,,,,Saudi Arabia,,
1,,,,,,,,//img.fifa.com/images/flags/4/mar.png,,,,,,,,Badr Benoun,681,,,,,,,Morocco,,
1,,1.4,27,22,3,Boca Juniors,2,//img.fifa.com/images/flags/4/col.png,1936,2,,,,Frank Fabra,,Frank Fabra,989,83.8,,9,7.45,,0.5,Colombia,,6
1,,,,,,,,//img.fifa.com/images/flags/4/pan.png,,,,,,,,Jaime Penedo,574,,,,,,,Panama,,
1,,,,,,,,//img.fifa.com/images/flags/4/sen.png,,,,,,,,Idrisa Gana Gueye,825,,,,,,,Senegal,,
1,,1.3,32,27(2),8,Fenerbahce,4,//img.fifa.com/images/flags/4/mar.png,2278,1,,,,Nabil Dirar,,Nabil Dirar,681,79.1,,30,7.13,,1,Morocco,,4
1,,,,,,,,//img.fifa.com/images/flags/4/sen.png,,,,,,,,Mbaye Niang,825,,,,,,,Senegal,,
1,,,,,,,,//img.fifa.com/images/flags/4/cro.png,,,,,,,,Lovre Kalinic,975,,,,,,,Croatia,,
1,,,,,,,,//img.fifa.com/images/flags/4/ksa.png,,,,,,,,Mohamed Kanno,462,,,,,,,Saudi Arabia,,
1,,,,,,,,//img.fifa.com/images/flags/4/isl.png,,,,,,,,Kari Arnason,930,,,,,,,Iceland,,
1,,0.4,26,8,,Zenit St. Petersburg,,//img.fifa.com/images/flags/4/rus.png,720,,,,,Andrey Lunev,,Andrey Lunev,493,67.7,,172,7.04,,,Russia,,
1,,,,,,,,//img.fifa.com/images/flags/4/irn.png,,,,,,,,Alireza Beiranvand,727,,,,,,,Iran,,
1,,,,,,,,//img.fifa.com/images/flags/4/pol.png,,,,,,,,Rafal Kurzawa,1128,,,,,,,Poland,,
1,,2,31,11,2,Tianjin Teda,1,//img.fifa.com/images/flags/4/nga.png,990,,,,,John Obi Mikel,,John Obi Mikel,635,83.8,,32,7.17,,0.6,Nigeria,,4
1,,,,,,,,//img.fifa.com/images/flags/4/bra.png,,,,,,,,Pedro Geromel,1384,,,,,,,Brazil,,
1,,,,,,,,//img.fifa.com/images/flags/4/per.png,,,,,,,,Carlos Caceda,1106,,,,,,,Peru,,
1,,,,,,,,//img.fifa.com/images/flags/4/col.png,,,,,,,,Miguel Borja,989,,,,,,,Colombia,,